trade_id,symbol,group,entry_date,sigma_20d_annualized,unclipped_allowed_loss,allowed_loss,stop_threshold,rail
0,EWU,international_equity,2009-04-07,0.4427496493659789,0.3349726266544729,0.15,-0.15,15.0% ceiling
1,EWJ,international_equity,2009-04-07,0.4355001852976487,0.32948787466362833,0.15,-0.15,15.0% ceiling
2,EWU,international_equity,2009-04-07,0.4427496493659789,0.3349726266544729,0.15,-0.15,15.0% ceiling
3,EFA,international_equity,2009-04-07,0.44118575742643734,0.33378942754512936,0.15,-0.15,15.0% ceiling
4,VNQ,us_equity,2009-04-07,1.1165928097150253,0.8447844665926924,0.15,-0.15,15.0% ceiling
5,XLB,us_equity,2009-07-17,0.32173602589528477,0.24341693288260427,0.15,-0.15,15.0% ceiling
6,EWJ,international_equity,2009-09-21,0.10726917737496829,0.08115701086565047,0.125,-0.125,12.5% floor
7,FXI,international_equity,2009-10-05,0.2665481172138813,0.2016632267937352,0.15,-0.15,15.0% ceiling
8,FXI,international_equity,2009-10-05,0.2665481172138813,0.2016632267937352,0.15,-0.15,15.0% ceiling
9,EEM,international_equity,2009-10-12,0.21612334338672573,0.16351318204151924,0.15,-0.15,15.0% ceiling
10,EWJ,international_equity,2009-10-19,0.19461126020405045,0.14723771119963547,0.14723771119963547,-0.14723771119963547,dynamic interior
11,EWJ,international_equity,2009-10-19,0.19461126020405045,0.14723771119963547,0.14723771119963547,-0.14723771119963547,dynamic interior
12,EWJ,international_equity,2009-11-16,0.15784009416107064,0.1194176234995024,0.125,-0.125,12.5% floor
13,EWJ,international_equity,2009-11-23,0.17354754910713596,0.13130146677046806,0.13130146677046806,-0.13130146677046806,dynamic interior
14,EWJ,international_equity,2009-11-23,0.17354754910713596,0.13130146677046806,0.13130146677046806,-0.13130146677046806,dynamic interior
15,FXI,international_equity,2010-01-07,0.18735378415429477,0.14174689755641773,0.14174689755641773,-0.14174689755641773,dynamic interior
16,USO,commodities,2010-01-07,0.22407733706690072,0.16953096242656684,0.15,-0.15,15.0% ceiling
17,SLV,metals,2010-02-12,0.37596892610974525,0.28444810492744355,0.15,-0.15,15.0% ceiling
18,TLT,rates,2010-02-12,0.11459865569102967,0.0867022995113985,0.125,-0.125,12.5% floor
19,XLB,us_equity,2010-03-01,0.27646757906475056,0.2091680281999988,0.15,-0.15,15.0% ceiling
20,XLB,us_equity,2010-03-01,0.27646757906475056,0.2091680281999988,0.15,-0.15,15.0% ceiling
21,XLB,us_equity,2010-04-13,0.15602276010186122,0.11804267681305383,0.125,-0.125,12.5% floor
22,XLF,us_equity,2010-04-27,0.23548575635765298,0.17816226948975997,0.15,-0.15,15.0% ceiling
23,XLB,us_equity,2010-05-04,0.21572460633123108,0.16321150817455,0.15,-0.15,15.0% ceiling
24,XLF,us_equity,2010-05-04,0.2883685880429347,0.21817201553905038,0.15,-0.15,15.0% ceiling
25,XLB,us_equity,2010-05-11,0.3061183314430991,0.23160100001754794,0.15,-0.15,15.0% ceiling
26,XLE,us_equity,2010-05-18,0.2979740178958545,0.22543922867538013,0.15,-0.15,15.0% ceiling
27,XLB,us_equity,2010-06-09,0.3795531878008151,0.2871598621360466,0.15,-0.15,15.0% ceiling
28,SLV,metals,2010-06-09,0.3064411553295397,0.23184523999682893,0.15,-0.15,15.0% ceiling
29,TLT,rates,2010-08-05,0.14398389180428037,0.10893438877406211,0.125,-0.125,12.5% floor
30,IWM,us_equity,2010-08-12,0.3110832296122619,0.23535731012005856,0.15,-0.15,15.0% ceiling
31,XLY,us_equity,2010-08-19,0.2142159677579568,0.16207011229476645,0.15,-0.15,15.0% ceiling
32,XLF,us_equity,2010-08-26,0.19654560511661168,0.1487011851902851,0.1487011851902851,-0.1487011851902851,dynamic interior
33,IWM,us_equity,2010-09-10,0.2651760441458325,0.20062515274844953,0.15,-0.15,15.0% ceiling
34,USO,commodities,2010-09-10,0.28159518628929675,0.2130474396527652,0.15,-0.15,15.0% ceiling
35,XLF,us_equity,2010-09-24,0.27663171015475,0.20929220542388033,0.15,-0.15,15.0% ceiling
36,XLF,us_equity,2010-10-08,0.2080209004357239,0.15738308888051572,0.15,-0.15,15.0% ceiling
37,XLF,us_equity,2010-10-22,0.17853853301781977,0.13507751265225715,0.13507751265225715,-0.13507751265225715,dynamic interior
38,XLF,us_equity,2010-10-29,0.16787500079643555,0.1270097673638604,0.1270097673638604,-0.1270097673638604,dynamic interior
39,XLF,us_equity,2010-10-29,0.16787500079643555,0.1270097673638604,0.1270097673638604,-0.1270097673638604,dynamic interior
40,XLF,us_equity,2010-11-05,0.2022171561463792,0.1529921300806236,0.15,-0.15,15.0% ceiling
41,USO,commodities,2010-11-05,0.28103068255832814,0.21262035112138053,0.15,-0.15,15.0% ceiling
42,XLF,us_equity,2010-11-29,0.23437706525816834,0.17732346324728268,0.15,-0.15,15.0% ceiling
43,USO,commodities,2011-01-11,0.19720808676870824,0.14920240121480588,0.14920240121480588,-0.14920240121480588,dynamic interior
44,FXI,international_equity,2011-01-11,0.17190996247726795,0.13006251221552564,0.13006251221552564,-0.13006251221552564,dynamic interior
45,XLY,us_equity,2011-02-02,0.1440906070470184,0.10901512669269224,0.125,-0.125,12.5% floor
46,EWZ,international_equity,2011-02-09,0.22930763862785372,0.17348806968701597,0.15,-0.15,15.0% ceiling
47,XLV,us_equity,2011-02-09,0.10526642165732134,0.07964177907665153,0.125,-0.125,12.5% floor
48,EWZ,international_equity,2011-02-24,0.2547294268345181,0.19272151952042518,0.15,-0.15,15.0% ceiling
49,XLI,us_equity,2011-03-03,0.18623904630527535,0.14090351650382535,0.14090351650382535,-0.14090351650382535,dynamic interior
50,XLB,us_equity,2011-03-03,0.20799202853577947,0.15736124516776576,0.15,-0.15,15.0% ceiling
51,XLB,us_equity,2011-03-10,0.23648782404565855,0.17892040729069889,0.15,-0.15,15.0% ceiling
52,IWM,us_equity,2011-03-17,0.22569506830448255,0.17075489491900311,0.15,-0.15,15.0% ceiling
53,EWZ,international_equity,2011-04-14,0.18951286766048656,0.14338040279864908,0.14338040279864908,-0.14338040279864908,dynamic interior
54,XLF,us_equity,2011-04-21,0.10209877320723142,0.07724522038221991,0.125,-0.125,12.5% floor
55,XLF,us_equity,2011-05-13,0.12301889225167839,0.09307282687784944,0.125,-0.125,12.5% floor
56,XLY,us_equity,2011-06-06,0.15393739719169952,0.11646494661598875,0.125,-0.125,12.5% floor
57,XLK,us_equity,2011-06-13,0.1425134640701292,0.10782190220039786,0.125,-0.125,12.5% floor
58,XLF,us_equity,2011-07-12,0.20533166626768515,0.15534848572668628,0.15,-0.15,15.0% ceiling
59,XLF,us_equity,2011-07-19,0.19783136549823532,0.14967395734921846,0.14967395734921846,-0.14967395734921846,dynamic interior
60,XLF,us_equity,2011-07-26,0.20676250095771456,0.1564310172546363,0.15,-0.15,15.0% ceiling
61,SLV,metals,2011-08-02,0.3708198225420062,0.28055242991229357,0.15,-0.15,15.0% ceiling
62,XLI,us_equity,2011-08-09,0.40269922389838597,0.3046715383606248,0.15,-0.15,15.0% ceiling
63,IWM,us_equity,2011-08-09,0.48813024955648426,0.36930638359078755,0.15,-0.15,15.0% ceiling
64,XLI,us_equity,2011-08-09,0.40269922389838597,0.3046715383606248,0.15,-0.15,15.0% ceiling
65,XLI,us_equity,2011-08-16,0.48578180610148436,0.36752961364010023,0.15,-0.15,15.0% ceiling
66,SPY,us_equity,2011-08-23,0.4708526185378204,0.3562345868022945,0.15,-0.15,15.0% ceiling
67,XLI,us_equity,2011-08-23,0.5318277947917521,0.4023667858446828,0.15,-0.15,15.0% ceiling
68,IWM,us_equity,2011-08-23,0.6132390172730678,0.46396035474478153,0.15,-0.15,15.0% ceiling
69,XLF,us_equity,2011-09-14,0.4202545591939286,0.3179534388300411,0.15,-0.15,15.0% ceiling
70,XLB,us_equity,2011-10-12,0.47817310951775793,0.36177307586820695,0.15,-0.15,15.0% ceiling
71,XLB,us_equity,2011-10-19,0.48766738352007605,0.3689561914399257,0.15,-0.15,15.0% ceiling
72,XLF,us_equity,2011-11-23,0.4440795578639229,0.33597880010577735,0.15,-0.15,15.0% ceiling
73,EFA,international_equity,2011-11-23,0.4114609625152114,0.31130043711354494,0.15,-0.15,15.0% ceiling
74,XLV,us_equity,2011-12-01,0.2569039943395037,0.194366739544937,0.15,-0.15,15.0% ceiling
75,EEM,international_equity,2011-12-15,0.41181415542705857,0.3115676534909415,0.15,-0.15,15.0% ceiling
76,XLE,us_equity,2012-01-24,0.16615080851554345,0.12570528927333033,0.12570528927333033,-0.12570528927333033,dynamic interior
77,XLB,us_equity,2012-02-14,0.12723190501697626,0.09626028045153734,0.125,-0.125,12.5% floor
78,XLB,us_equity,2012-02-29,0.14293111475653433,0.1081378856182267,0.125,-0.125,12.5% floor
79,XLY,us_equity,2012-02-29,0.09645163080706269,0.07297274241281845,0.125,-0.125,12.5% floor
80,XLB,us_equity,2012-03-07,0.15970938574852175,0.12083187987198801,0.125,-0.125,12.5% floor
81,XLE,us_equity,2012-03-14,0.13444622941529563,0.10171844670125223,0.125,-0.125,12.5% floor
82,XLB,us_equity,2012-03-14,0.16769556987314074,0.1268740146924237,0.1268740146924237,-0.1268740146924237,dynamic interior
83,XLE,us_equity,2012-04-12,0.19393942200185738,0.1467294162577926,0.1467294162577926,-0.1467294162577926,dynamic interior
84,XLB,us_equity,2012-04-12,0.19475559239854195,0.14734690910497286,0.14734690910497286,-0.14734690910497286,dynamic interior
85,IWM,us_equity,2012-05-03,0.19009749210700175,0.14382271412907258,0.14382271412907258,-0.14382271412907258,dynamic interior
86,EWZ,international_equity,2012-06-08,0.29205923735088885,0.2209642627932634,0.15,-0.15,15.0% ceiling
87,IWM,us_equity,2012-06-15,0.23809243445706088,0.1801344129144961,0.15,-0.15,15.0% ceiling
88,EWZ,international_equity,2012-06-29,0.3298400498629198,0.2495482221988056,0.15,-0.15,15.0% ceiling
89,XLB,us_equity,2012-07-16,0.22157587322795896,0.16763842131713536,0.15,-0.15,15.0% ceiling
90,XLI,us_equity,2012-07-16,0.21178699976509224,0.16023241961721238,0.15,-0.15,15.0% ceiling
91,IWM,us_equity,2012-08-06,0.1859711221710975,0.1407008122191394,0.1407008122191394,-0.1407008122191394,dynamic interior
92,EWJ,international_equity,2012-09-18,0.15196756930092312,0.11497462714633924,0.125,-0.125,12.5% floor
93,XLI,us_equity,2012-09-25,0.13525913768620257,0.10233347151070105,0.125,-0.125,12.5% floor
94,USO,commodities,2012-10-02,0.24120901113331636,0.1824923320611523,0.15,-0.15,15.0% ceiling
95,XLI,us_equity,2012-10-02,0.12918109318423657,0.09773498445450153,0.125,-0.125,12.5% floor
96,IWM,us_equity,2012-10-16,0.10665347307594619,0.0806911853442046,0.125,-0.125,12.5% floor
97,EWJ,international_equity,2012-10-16,0.14519699909726586,0.10985219353557227,0.125,-0.125,12.5% floor
98,XLK,us_equity,2012-12-31,0.13803634800099437,0.10443463508079058,0.125,-0.125,12.5% floor
99,XLK,us_equity,2013-01-08,0.17895423354789813,0.1353920206335992,0.1353920206335992,-0.1353920206335992,dynamic interior
100,XLE,us_equity,2013-01-08,0.17538132243757465,0.1326888509729527,0.1326888509729527,-0.1326888509729527,dynamic interior
101,XLK,us_equity,2013-01-23,0.15714948626071248,0.11889512790249271,0.125,-0.125,12.5% floor
102,QQQ,us_equity,2013-01-23,0.15398926761869158,0.11650419040353348,0.125,-0.125,12.5% floor
103,XLK,us_equity,2013-01-30,0.1520490502784983,0.11503627349009088,0.125,-0.125,12.5% floor
104,XLK,us_equity,2013-01-30,0.1520490502784983,0.11503627349009088,0.125,-0.125,12.5% floor
105,QQQ,us_equity,2013-02-21,0.1380424970291796,0.10443928727221641,0.125,-0.125,12.5% floor
106,QQQ,us_equity,2013-03-14,0.11997619303874307,0.09077080145798525,0.125,-0.125,12.5% floor
107,XLK,us_equity,2013-03-21,0.1079519678937522,0.08167359203936644,0.125,-0.125,12.5% floor
108,XLK,us_equity,2013-03-21,0.1079519678937522,0.08167359203936644,0.125,-0.125,12.5% floor
109,XLY,us_equity,2013-04-05,0.11147279131229632,0.08433735353570007,0.125,-0.125,12.5% floor
110,EEM,international_equity,2013-05-24,0.1255589670818382,0.0949945800378485,0.125,-0.125,12.5% floor
111,EWZ,international_equity,2013-06-17,0.21758809784634509,0.16462137636633728,0.15,-0.15,15.0% ceiling
112,EEM,international_equity,2013-06-17,0.18372008293819397,0.13899773571613652,0.13899773571613652,-0.13899773571613652,dynamic interior
113,EEM,international_equity,2013-06-24,0.26517463980206185,0.20062409025924766,0.15,-0.15,15.0% ceiling
114,DBC,commodities,2013-06-24,0.15062793597603152,0.11396109614922743,0.125,-0.125,12.5% floor
115,DBA,commodities,2013-06-24,0.10571079054482278,0.07997797677587737,0.125,-0.125,12.5% floor
116,DBC,commodities,2013-07-09,0.14099723686800977,0.1066747649655605,0.125,-0.125,12.5% floor
117,EEM,international_equity,2013-07-09,0.2928469725450353,0.22156024232135396,0.15,-0.15,15.0% ceiling
118,XLB,us_equity,2013-07-09,0.1681816046981769,0.12724173573347036,0.12724173573347036,-0.12724173573347036,dynamic interior
119,XLE,us_equity,2013-08-06,0.11984240174623653,0.09066957851915607,0.125,-0.125,12.5% floor
120,DBC,commodities,2013-08-13,0.08640728449971502,0.06537345674332665,0.125,-0.125,12.5% floor
121,XLK,us_equity,2013-08-13,0.09640034215035598,0.07293393877722161,0.125,-0.125,12.5% floor
122,EEM,international_equity,2013-08-20,0.16203570424397032,0.12259191066584901,0.125,-0.125,12.5% floor
123,XLK,us_equity,2013-09-25,0.08593005023363388,0.06501239397146982,0.125,-0.125,12.5% floor
124,XLF,us_equity,2013-10-09,0.12050986454165528,0.0911745631444307,0.125,-0.125,12.5% floor
125,XLF,us_equity,2013-11-06,0.14664139108551788,0.11094498215531778,0.125,-0.125,12.5% floor
126,XLE,us_equity,2013-11-13,0.1394016668984836,0.1054675991000007,0.125,-0.125,12.5% floor
127,XLF,us_equity,2013-11-20,0.12274810170482728,0.09286795394145793,0.125,-0.125,12.5% floor
128,XLE,us_equity,2013-12-12,0.09275426526512595,0.07017541383433656,0.125,-0.125,12.5% floor
129,XLP,us_equity,2013-12-27,0.11265051073682568,0.08522838477572821,0.125,-0.125,12.5% floor
130,XLE,us_equity,2014-01-13,0.13330472734050006,0.10085481654621233,0.125,-0.125,12.5% floor
131,XLE,us_equity,2014-01-13,0.13330472734050006,0.10085481654621233,0.125,-0.125,12.5% floor
132,XLY,us_equity,2014-01-28,0.1206730664564246,0.0912980373790091,0.125,-0.125,12.5% floor
133,XLF,us_equity,2014-02-19,0.19569245007014874,0.14805571073928,0.14805571073928,-0.14805571073928,dynamic interior
134,EWJ,international_equity,2014-02-26,0.18986919525163967,0.1436499907911612,0.1436499907911612,-0.1436499907911612,dynamic interior
135,XLY,us_equity,2014-04-02,0.10985127800894817,0.08311055963274495,0.125,-0.125,12.5% floor
136,XLY,us_equity,2014-04-16,0.18295808257899265,0.13842122648072813,0.13842122648072813,-0.13842122648072813,dynamic interior
137,XLY,us_equity,2014-04-16,0.18295808257899265,0.13842122648072813,0.13842122648072813,-0.13842122648072813,dynamic interior
138,FXI,international_equity,2014-05-08,0.14030954575489454,0.10615447613231802,0.125,-0.125,12.5% floor
139,IWM,us_equity,2014-05-22,0.1732384039929703,0.13106757578702455,0.13106757578702455,-0.13106757578702455,dynamic interior
140,XLY,us_equity,2014-05-30,0.11539644625206553,0.08730588666303829,0.125,-0.125,12.5% floor
141,XLF,us_equity,2014-07-07,0.07898539843591575,0.05975825484970296,0.125,-0.125,12.5% floor
142,IWM,us_equity,2014-07-14,0.1219309793221813,0.09224974084698108,0.125,-0.125,12.5% floor
143,IWM,us_equity,2014-07-21,0.14263859123927683,0.10791657009358592,0.125,-0.125,12.5% floor
144,XLI,us_equity,2014-07-28,0.09862139132030077,0.07461432559503287,0.125,-0.125,12.5% floor
145,XLY,us_equity,2014-07-28,0.11067290015521465,0.08373217712887733,0.125,-0.125,12.5% floor
146,IWM,us_equity,2014-08-04,0.1448564614902165,0.1095945518257001,0.125,-0.125,12.5% floor
147,IWM,us_equity,2014-09-16,0.10017848187786406,0.07579237895939524,0.125,-0.125,12.5% floor
148,IWM,us_equity,2014-09-16,0.10017848187786406,0.07579237895939524,0.125,-0.125,12.5% floor
149,IWM,us_equity,2014-09-23,0.1216461538972564,0.09203424949456172,0.125,-0.125,12.5% floor
150,IWM,us_equity,2014-09-23,0.1216461538972564,0.09203424949456172,0.125,-0.125,12.5% floor
151,DBC,commodities,2014-10-07,0.11078306004948413,0.08381552117937689,0.125,-0.125,12.5% floor
152,IWM,us_equity,2014-10-07,0.15986867775021685,0.1209523959701696,0.125,-0.125,12.5% floor
153,DBC,commodities,2014-10-21,0.1316869369503376,0.09963083930050448,0.125,-0.125,12.5% floor
154,XLE,us_equity,2014-10-28,0.29057323052602213,0.21983998949329603,0.15,-0.15,15.0% ceiling
155,XLB,us_equity,2014-11-04,0.23229756909735033,0.1757501716769684,0.15,-0.15,15.0% ceiling
156,XLE,us_equity,2014-12-03,0.2886168572098942,0.21835984939751385,0.15,-0.15,15.0% ceiling
157,XLE,us_equity,2014-12-10,0.3167826738768707,0.23966935829112024,0.15,-0.15,15.0% ceiling
158,EEM,international_equity,2014-12-24,0.1946554873698677,0.14727117229875664,0.14727117229875664,-0.14727117229875664,dynamic interior
159,XLB,us_equity,2014-12-24,0.22753565788221436,0.17214743611317135,0.15,-0.15,15.0% ceiling
160,EEM,international_equity,2015-01-09,0.19836583628795837,0.15007832375483843,0.15,-0.15,15.0% ceiling
161,TIP,rates,2015-01-09,0.058808760970308245,0.04449314677206136,0.125,-0.125,12.5% floor
162,EEM,international_equity,2015-01-16,0.1660211874035723,0.1256072213823472,0.1256072213823472,-0.1256072213823472,dynamic interior
163,EWZ,international_equity,2015-01-26,0.33220993801976684,0.25134121664140574,0.15,-0.15,15.0% ceiling
164,XLB,us_equity,2015-03-17,0.1084994856348139,0.08208782942188272,0.125,-0.125,12.5% floor
165,EWZ,international_equity,2015-03-31,0.39089632506704514,0.2957417785531741,0.15,-0.15,15.0% ceiling
166,EWZ,international_equity,2015-04-15,0.34652644806747646,0.26217270794145275,0.15,-0.15,15.0% ceiling
167,EWU,international_equity,2015-04-15,0.1805228226868478,0.13657877351927192,0.13657877351927192,-0.13657877351927192,dynamic interior
168,XLI,us_equity,2015-04-15,0.13332250915259067,0.10086826979301036,0.125,-0.125,12.5% floor
169,XLF,us_equity,2015-04-22,0.10914554573551986,0.08257662133672677,0.125,-0.125,12.5% floor
170,XLI,us_equity,2015-06-18,0.10922466997831476,0.0826364846375312,0.125,-0.125,12.5% floor
171,XLI,us_equity,2015-06-25,0.10715788706096022,0.08107281156959711,0.125,-0.125,12.5% floor
172,XLB,us_equity,2015-07-10,0.14819793067811377,0.11212261867421773,0.125,-0.125,12.5% floor
173,XLB,us_equity,2015-07-17,0.15010136201363397,0.11356270427344674,0.125,-0.125,12.5% floor
174,XLI,us_equity,2015-07-24,0.13614596780576338,0.10300442362770663,0.125,-0.125,12.5% floor
175,XLI,us_equity,2015-07-24,0.13614596780576338,0.10300442362770663,0.125,-0.125,12.5% floor
176,XLI,us_equity,2015-07-24,0.13614596780576338,0.10300442362770663,0.125,-0.125,12.5% floor
177,XLB,us_equity,2015-09-28,0.2411616769909859,0.18245652030611292,0.15,-0.15,15.0% ceiling
178,XLB,us_equity,2015-09-28,0.2411616769909859,0.18245652030611292,0.15,-0.15,15.0% ceiling
179,XLB,us_equity,2015-09-28,0.2411616769909859,0.18245652030611292,0.15,-0.15,15.0% ceiling
180,IWM,us_equity,2015-10-19,0.21822073149536408,0.16510001018439982,0.15,-0.15,15.0% ceiling
181,XLV,us_equity,2015-10-26,0.20480445801435726,0.15494961396323248,0.15,-0.15,15.0% ceiling
182,IWM,us_equity,2015-12-15,0.1711093572294492,0.12945679554661527,0.12945679554661527,-0.12945679554661527,dynamic interior
183,IWM,us_equity,2016-01-07,0.20994123053756247,0.15883595963756242,0.15,-0.15,15.0% ceiling
184,XLI,us_equity,2016-01-07,0.19176172581106862,0.1450818291526903,0.1450818291526903,-0.1450818291526903,dynamic interior
185,XLF,us_equity,2016-01-07,0.23381028927496147,0.17689465559019849,0.15,-0.15,15.0% ceiling
186,IWM,us_equity,2016-01-14,0.22614125956431277,0.17109247137673633,0.15,-0.15,15.0% ceiling
187,IWM,us_equity,2016-01-14,0.22614125956431277,0.17109247137673633,0.15,-0.15,15.0% ceiling
188,IWM,us_equity,2016-01-22,0.233353957287223,0.1765494069270361,0.15,-0.15,15.0% ceiling
189,IWM,us_equity,2016-01-29,0.2802548922830657,0.21203340880169763,0.15,-0.15,15.0% ceiling
190,XLI,us_equity,2016-01-29,0.22645208181501658,0.17132763123714503,0.15,-0.15,15.0% ceiling
191,XLF,us_equity,2016-02-29,0.27713799722730187,0.20967524877756058,0.15,-0.15,15.0% ceiling
192,FXI,international_equity,2016-04-19,0.24190162868972556,0.18301634811056,0.15,-0.15,15.0% ceiling
193,QQQ,us_equity,2016-04-26,0.13102482692610273,0.09912990443975458,0.125,-0.125,12.5% floor
194,QQQ,us_equity,2016-05-03,0.13730018221140516,0.10387767159466475,0.125,-0.125,12.5% floor
195,XLK,us_equity,2016-05-03,0.12358892399647596,0.09350409775769025,0.125,-0.125,12.5% floor
196,QQQ,us_equity,2016-05-03,0.13730018221140516,0.10387767159466475,0.125,-0.125,12.5% floor
197,USO,commodities,2016-06-08,0.22385410322994526,0.16936206963392386,0.15,-0.15,15.0% ceiling
198,USO,commodities,2016-07-07,0.4386955737064223,0.3319054206741129,0.15,-0.15,15.0% ceiling
199,EWU,international_equity,2016-07-21,0.534350484242521,0.4042753856883363,0.15,-0.15,15.0% ceiling
200,EFA,international_equity,2016-08-04,0.11716050145712273,0.0886405239833562,0.125,-0.125,12.5% floor
201,XLF,us_equity,2016-08-04,0.10424202685022493,0.07886674917034744,0.125,-0.125,12.5% floor
202,XLY,us_equity,2016-08-04,0.09686937543895012,0.07328879690730428,0.125,-0.125,12.5% floor
203,EWU,international_equity,2016-08-18,0.07635682978627693,0.05776954961600714,0.125,-0.125,12.5% floor
204,XLY,us_equity,2016-09-09,0.0983859121733165,0.07443616832601949,0.125,-0.125,12.5% floor
205,XLV,us_equity,2016-10-07,0.13264112248967583,0.10035275073936287,0.125,-0.125,12.5% floor
206,XLV,us_equity,2016-10-28,0.13433356261730378,0.10163320599397188,0.125,-0.125,12.5% floor
207,XLV,us_equity,2016-11-04,0.13860691148086488,0.10486630825726632,0.125,-0.125,12.5% floor
208,XLV,us_equity,2016-11-04,0.13860691148086488,0.10486630825726632,0.125,-0.125,12.5% floor
209,XLV,us_equity,2016-11-18,0.20553624436052786,0.1555032640787722,0.15,-0.15,15.0% ceiling
210,XLK,us_equity,2016-11-18,0.1487964272576612,0.11257542529209268,0.125,-0.125,12.5% floor
211,XLV,us_equity,2016-11-28,0.19736631921260736,0.14932211567969758,0.14932211567969758,-0.14932211567969758,dynamic interior
212,INDA,international_equity,2016-12-05,0.24986020866854908,0.18903759836736722,0.15,-0.15,15.0% ceiling
213,XLV,us_equity,2016-12-12,0.109763761222358,0.08304434675618491,0.125,-0.125,12.5% floor
214,XLY,us_equity,2016-12-12,0.11628455199990179,0.08797780388652035,0.125,-0.125,12.5% floor
215,XLY,us_equity,2016-12-19,0.11865053369818147,0.08976784280631189,0.125,-0.125,12.5% floor
