variant,episode,start,trough,d1_return,candidate_return,improvement,improved
C0,1,2011-05-02,2011-09-28,-0.23494850661780298,-0.23494850661780298,0.0,False
C0,2,2014-09-03,2015-08-25,-0.16382019243183377,-0.16382019243183377,0.0,False
C0,3,2010-05-04,2010-07-02,-0.13988604322101328,-0.13988604322101328,0.0,False
C0,4,2009-12-07,2010-02-08,-0.08045214075859497,-0.08045214075859497,0.0,False
C0,5,2009-06-03,2009-06-22,-0.07394687556173762,-0.07394687556173762,0.0,False
C1,1,2011-05-02,2011-09-28,-0.23494850661780298,-0.16867038186125716,0.06627812475654582,True
C1,2,2014-09-03,2015-08-25,-0.16382019243183377,-0.10183099263146789,0.06198919980036588,True
C1,3,2010-05-04,2010-07-02,-0.13988604322101328,-0.07343061489391545,0.06645542832709783,True
C1,4,2009-12-07,2010-02-08,-0.08045214075859497,-0.05353543873353017,0.026916702025064798,True
C1,5,2009-06-03,2009-06-22,-0.07394687556173762,-0.048683740299682254,0.02526313526205537,True
C2,1,2011-05-02,2011-09-28,-0.23494850661780298,-0.17200979281948703,0.06293871379831595,True
C2,2,2014-09-03,2015-08-25,-0.16382019243183377,-0.09253901908282547,0.0712811733490083,True
C2,3,2010-05-04,2010-07-02,-0.13988604322101328,-0.0765456519986294,0.06334039122238388,True
C2,4,2009-12-07,2010-02-08,-0.08045214075859497,-0.07002497070576896,0.010427170052826007,True
C2,5,2009-06-03,2009-06-22,-0.07394687556173762,-0.023696424695813456,0.05025045086592417,True
