variant,year,net_return,average_exposure
D1_CONTROL,2008,0.0,0.0
D1_CONTROL,2009,0.26760451834199306,0.5252491568704819
D1_CONTROL,2010,0.1770906292021055,0.8997622701269777
D1_CONTROL,2011,-0.06626997245810329,0.7948749112375383
D1_CONTROL,2012,0.13013556420414174,0.9334915801972952
D1_CONTROL,2013,0.2027231778646721,0.9312632198199253
D1_CONTROL,2014,0.06142060021206319,0.9323205068555142
D1_CONTROL,2015,-0.01312055430015191,0.9202852248704729
D1_CONTROL,2016,0.0878856980672107,0.8924084633410231
STOP_10,2008,0.0,0.0
STOP_10,2009,0.26760451834199306,0.5252491568704819
STOP_10,2010,0.08865291016189691,0.786494409627208
STOP_10,2011,-0.07295673991570462,0.7180337612817429
STOP_10,2012,-0.050338546909602155,0.6028763866753838
STOP_10,2013,0.1900977300206852,0.9300605495097792
STOP_10,2014,0.06142060021206319,0.9323205068555142
STOP_10,2015,-0.1697520844563566,0.7140939571153176
STOP_10,2016,0.0775744146822761,0.7918388575608346
STOP_12_5,2008,0.0,0.0
STOP_12_5,2009,0.26760451834199306,0.5252491568704819
STOP_12_5,2010,0.08014852342011025,0.8462557825592658
STOP_12_5,2011,-0.07295673991570462,0.7180337612817429
STOP_12_5,2012,-0.007333174083517524,0.7090969680070884
STOP_12_5,2013,0.2027231778646721,0.9312632198199253
STOP_12_5,2014,0.06142060021206319,0.9323205068555142
STOP_12_5,2015,-0.12325050265846593,0.8257007090161986
STOP_12_5,2016,0.017803904772631274,0.8481166633008644
STOP_15,2008,0.0,0.0
STOP_15,2009,0.26760451834199306,0.5252491568704819
STOP_15,2010,0.1770906292021055,0.8997622701269777
STOP_15,2011,-0.12973198668460173,0.6096872275188863
STOP_15,2012,0.11724339028059738,0.9315051437602249
STOP_15,2013,0.2027231778646721,0.9312632198199253
STOP_15,2014,0.06142060021206319,0.9323205068555142
STOP_15,2015,-0.12325050265846593,0.8257007090161986
STOP_15,2016,0.01958857773584044,0.8639896791738804
STOP_17_5,2008,0.0,0.0
STOP_17_5,2009,0.26760451834199306,0.5252491568704819
STOP_17_5,2010,0.1770906292021055,0.8997622701269777
STOP_17_5,2011,-0.1096972633780261,0.6136554814871403
STOP_17_5,2012,0.11724339028059738,0.9315051437602249
STOP_17_5,2013,0.2027231778646721,0.9312632198199253
STOP_17_5,2014,0.06142060021206319,0.9323205068555142
STOP_17_5,2015,-0.01312055430015191,0.9202852248704729
STOP_17_5,2016,0.0878856980672107,0.8924084633410231
STOP_20,2008,0.0,0.0
STOP_20,2009,0.26760451834199306,0.5252491568704819
STOP_20,2010,0.1770906292021055,0.8997622701269777
STOP_20,2011,-0.15360033128333994,0.6677967976643601
STOP_20,2012,0.11724339028059738,0.9315051437602249
STOP_20,2013,0.2027231778646721,0.9312632198199253
STOP_20,2014,0.06142060021206319,0.9323205068555142
STOP_20,2015,-0.01312055430015191,0.9202852248704729
STOP_20,2016,0.0878856980672107,0.8924084633410231
