decision_date,old_multiplier,new_multiplier,d1_drawdown,d1_nav,event
2011-08-08,1.0,0.0,-0.181140724031015,133873.76806848997,de_risk
2011-08-11,0.0,0.5,-0.16308125278961527,136826.27716909186,re_entry
2011-08-12,0.5,0.0,-0.16341245207312138,136772.13001906773,de_risk
2011-08-15,0.0,0.5,-0.15458035469217402,138216.07306402634,re_entry
2011-08-18,0.5,0.0,-0.1822740135247667,133688.48869351868,de_risk
2011-10-21,0.0,0.5,-0.1871067538596325,132898.39303519024,re_entry
2011-10-27,0.5,1.0,-0.1383421346208562,140870.8292247846,re_entry
2011-11-01,1.0,0.0,-0.19305429744570712,131926.0402830312,de_risk
2011-11-08,0.0,0.5,-0.14787047458748548,139313.05878460634,re_entry
2011-11-09,0.5,0.0,-0.18642715823384381,133009.49885014183,de_risk
2011-11-30,0.0,0.5,-0.15653185507886636,137897.02592391247,re_entry
2011-12-13,0.5,0.0,-0.1752038049932637,134844.38383315943,de_risk
2011-12-16,0.0,0.5,-0.17451218516232658,134957.45546287124,re_entry
2011-12-19,0.5,0.0,-0.18686622419175247,132937.71677971675,de_risk
2011-12-20,0.0,0.5,-0.1586948740893387,137543.39800049053,re_entry
2012-01-03,0.5,1.0,-0.12677395410955472,142762.08937191035,re_entry
