date,d1_shadow_nav,d1_shadow_drawdown,d1_decision_multiplier,hard_stop_target,decision_multiplier,executed_multiplier,controlled_long_exposure,overlay_turnover,overlay_cost,event
2011-08-11,136826.27716909186,-0.16308125278961527,0.5,0.5,0.5,0.0,0.0,0.7909622817395943,103.06762107236992,de_risk_execution
2011-08-12,136772.13001906773,-0.16341245207312138,0.5,0.0,0.0,0.5,0.3957364853040621,0.3957364853040621,54.14715002413585,re_entry_execution
2011-08-15,138216.07306402634,-0.15458035469217402,0.5,0.5,0.5,0.0,0.0,0.3978924434813926,54.42059701344158,de_risk_execution
2011-08-16,137215.4418008148,-0.16070086809466633,0.5,0.5,0.5,0.5,0.4965123073661683,0.4965123073661683,68.59896085591922,re_entry_execution
2011-08-19,132468.5294592103,-0.1897360798408979,0.0,0.0,0.0,0.0,0.0,0.2943084116446815,39.59339116784458,de_risk_execution
2011-10-24,135790.30774006183,-0.16941791746127466,1.0,0.5,0.5,0.5,0.5,0.5,66.65131642082339,re_entry_execution
2011-10-28,140934.60923419555,-0.13795201448693395,1.0,1.0,1.0,1.0,1.0,0.5,67.87906147466636,re_entry_execution
2011-11-22,130017.44057178452,-0.20472853803977564,1.0,0.0,0.0,0.0,0.0,0.3819262550670419,47.973494176040326,de_risk_execution
2011-12-01,137161.14820729842,-0.16103296312207926,1.0,0.5,0.5,0.5,0.4949822209894008,0.4949822209894008,61.95182438127115,re_entry_execution
2011-12-14,134088.98357957182,-0.17982432560491235,1.0,0.0,0.0,0.0,0.0,0.395824033080173,49.104309772681184,de_risk_execution
2011-12-19,132937.71677971675,-0.18686622419175247,1.0,0.0,0.0,0.5,0.4963585154197118,0.4963585154197118,61.379357493404065,re_entry_execution
2011-12-20,137543.39800049053,-0.1586948740893387,1.0,0.5,0.5,0.0,0.0,0.4964804516041524,61.36396238817365,de_risk_execution
2011-12-21,137858.26963269408,-0.15676891383222946,1.0,0.5,0.5,0.5,0.4964884903380708,0.4964884903380708,62.39749637638134,re_entry_execution
2012-01-04,142434.03679185847,-0.12878053764012076,1.0,1.0,1.0,1.0,0.9932025988072012,0.4966012994036006,63.490432841396554,re_entry_execution
