trade_id,pair,group,symbol,symbol_i,shares,entry_notional,entry_date,signal_date,entry_i,entry_z,h,mu,sd,raw_convergence,calibration_slope,calibration_observations,expected_gross_return,expected_net_edge,gross_pnl,net_pnl,cost,exit_date,exit_reason,holding,gross_return,net_return
0,EWU__EWZ,international_equity,EWU,16,1795.4284530384375,20000.0,2009-04-07,2009-04-06,569,-2.3133423929366184,0.5883553877216577,0.856075825576131,0.08848468306461708,0.0505091707331271,0.7782646796947152,105,0.039309503582262845,0.03730950358226284,4447.117463192958,4402.670345729765,44.44711746319296,2009-07-06,time,61,0.2223558731596479,0.22013351728648828
1,EWJ__FXI,international_equity,EWJ,15,842.0238721926648,19996.0,2009-04-07,2009-04-06,569,-2.072047700048102,0.49295585501765987,1.8461459984710715,0.07654020018131395,0.04029752294813588,0.7782646796947152,105,0.031362138789721404,0.029362138789721402,3252.846554847806,3209.6017082929584,43.244846554847804,2009-07-06,time,61,0.16267486271493328,0.16051218785221835
2,EEM__EWU,international_equity,EWU,16,1794.7103534743603,19992.0008,2009-04-07,2009-04-06,569,2.752846941213155,1.2274897630661483,-0.2702013886912735,0.08032603680248912,0.040620224009731844,0.7782646796947152,105,0.03161328562806154,0.029613285628061536,4445.338794092381,4400.90945369829,44.429340394092385,2009-07-06,time,61,0.22235587315964797,0.2201335172864884
3,EEM__EFA,international_equity,EFA,13,869.3465188299627,19988.002399840003,2009-04-07,2009-04-06,569,2.5617752377673475,1.3450693951336201,-1.5121670172868271,0.08000407585873955,0.03516962501585393,0.7782646796947152,105,0.027371276947946804,0.025371276947946803,3796.1847134791988,3752.4125239660384,43.772189513159205,2009-07-06,time,61,0.18992316678477014,0.18773324361798532
4,VNQ__XLY,us_equity,VNQ,20,1549.6058083542166,19924.0967002599,2009-04-07,2009-04-06,569,-2.8657430217988686,1.4821481221309765,-0.33720311038342154,0.08289534643813536,0.039503905030303876,0.7782646796947152,105,0.030744493995099896,0.028744493995099894,4183.68563553759,4139.653756501534,44.03187903605739,2009-07-06,time,61,0.20998119505628662,0.20777121386123037
5,QQQ__XLB,us_equity,XLB,10,2597.6958521756364,23981.049557637718,2009-07-17,2009-07-16,639,2.213090254263475,0.7186767149569717,1.7985440097393197,0.037799881458600894,0.018838507549299343,1.556757434065267,174,0.029326986674066406,0.027326986674066404,4751.0135274906,4698.300414847835,52.713112642766035,2009-10-13,time,61,0.1981153291923977,0.19591721386320535
6,EFA__EWJ,international_equity,EWJ,15,841.4541841030868,24915.595325326725,2009-09-21,2009-09-18,684,2.57882071879603,1.0675218637761086,-0.22734318117668584,0.0441739940045548,0.022207700817471105,1.578913292361484,177,0.03506403401349212,0.033064034013492116,-668.0365062224055,-717.1996603668365,49.16315414443105,2009-10-16,spread_break,19,-0.026811982515358393,-0.028785170532843032
11,EWJ__EWU,international_equity,EWJ,15,883.5431031648109,25876.083084519294,2009-10-19,2009-10-16,704,-2.5205699705898588,0.6875286709957935,1.5064521821770185,0.03201605167268002,0.019167281036030385,1.5723890596169086,178,0.030138423003656822,0.02813842300365682,-779.4012705341241,-830.3740354326285,50.972764898504465,2009-11-10,spread_break,16,-0.03012052743795722,-0.03209040691051926
10,EFA__EWJ,international_equity,EWJ,15,883.7198471342375,25881.259336386567,2009-10-19,2009-10-16,704,2.9257938146394755,1.0555458012953038,-0.18351110916496693,0.05399079823282928,0.03185785116491056,1.5723890596169086,178,0.05009293663460915,0.048092936634609146,-1039.4084522528,-1090.1315624733206,50.72311022052033,2009-11-17,spread_break,21,-0.04016065983278841,-0.042120499172955635
12,EWJ__EWU,international_equity,EWJ,15,916.7672097015737,26067.35710604862,2009-11-16,2009-11-13,724,-3.200932216730148,0.6323844714664387,1.6424079190651788,0.03748589834399357,0.031011955908711038,1.4962651698094216,193,0.046402109473869815,0.044402109473869814,-566.0952887924511,-617.6639077157558,51.5686189233048,2009-11-18,spread_break,2,-0.021716635349315692,-0.023694918713966374
7,EWZ__FXI,international_equity,FXI,18,899.7747808515409,24411.865558189973,2009-10-05,2009-10-02,694,2.702087307347867,0.8534437652346606,0.42872186274777047,0.09405200989211863,0.05587186973211691,1.578913292361484,177,0.08821683778912866,0.08621683778912866,1216.8380952656448,1166.7975260539977,50.04056921164559,2009-12-31,time,61,0.04984617387659691,0.04779632770272025
8,EEM__FXI,international_equity,FXI,18,899.5948258953705,24406.983185078334,2009-10-05,2009-10-02,694,2.6253462290643736,0.9023704535090004,0.21489460694637944,0.04130333734857219,0.02307223919495822,1.578913292361484,177,0.03642906514946316,0.03442906514946316,1216.5947276465913,1166.564166548788,50.03056109780326,2009-12-31,time,61,0.04984617387659689,0.0477963277027203
9,EEM__EWZ,international_equity,EEM,14,783.4523281204332,22069.96869962997,2009-10-12,2009-10-09,699,-2.092790695930825,0.900173359859188,0.2349746306895805,0.04460708505861205,0.018695596821549303,1.578913292361484,177,0.029518726330175302,0.027518726330175304,1857.4341972377208,1811.436825641223,45.997371596497665,2010-01-08,time,61,0.08416116137350312,0.08207700021212962
16,DBC__USO,commodities,USO,35,77.86852751325146,25366.452283151637,2010-01-07,2010-01-06,759,2.186534853382365,0.5065847213626007,0.08220631100104785,0.024450208516858658,0.013685300352327108,1.459248467847281,222,0.019970253571163187,0.017970253571163185,-3164.5780987907974,-3212.1464252583096,47.56832646751248,2010-01-29,convergence,15,-0.12475446165929581,-0.1266297071976365
13,EEM__EWJ,international_equity,EWJ,15,926.4977272978192,25635.718587698335,2009-11-23,2009-11-20,729,2.0655017965437183,1.2921331512783398,-1.1972851750388243,0.1343804811786759,0.045890197213957644,1.4637089000139347,196,0.06716989008546448,0.06516989008546448,1413.3504692417048,1360.665681597067,52.68478764463838,2010-02-23,time,61,0.05513207926693037,0.05307694718766346
14,EFA__EWJ,international_equity,EWJ,15,892.7673415840218,24702.4160543663,2009-11-23,2009-11-20,729,2.633737685445537,1.0894048120383584,-0.2766185610214802,0.07085377518797036,0.036178573295992486,1.4637089000139347,196,0.05295489972315068,0.050954899723150676,1361.8955599940164,1311.12883232529,50.76672766872662,2010-02-23,time,61,0.05513207926693038,0.05307694718766346
15,EEM__FXI,international_equity,FXI,18,871.9864676357182,25783.427122057514,2010-01-07,2010-01-06,759,2.209421154307431,0.8417808646631061,0.4338244139333321,0.057242665336283485,0.026564458598792782,1.459248467847281,222,0.038764145509480895,0.03676414550948089,-182.17832511700783,-233.56300103600645,51.38467591899802,2010-04-07,time,61,-0.007065714121500774,-0.009058648407379296
19,XLB__XLY,us_equity,XLB,10,2226.150477275988,24938.035373555584,2010-03-01,2010-02-26,794,-2.375432744564453,0.9246598401629006,0.133904649742663,0.027532631242921032,0.013414214059930204,1.3763611553410553,238,0.018462803161517764,0.016462803161517763,1914.0619186397794,1862.2717859740285,51.790132665750946,2010-04-21,spread_break,36,0.07675271487783115,0.07467596216295333
20,XLB__XLI,us_equity,XLB,10,2225.705247180533,24933.047766480875,2010-03-01,2010-02-26,794,-2.096515737525923,0.9025662544214228,-0.3005302628441584,0.02456677389617039,0.010307457376143884,1.3763611553410553,238,0.01418678394285808,0.01218678394285808,1858.9776349987494,1807.252561830789,51.7250731679605,2010-04-28,spread_break,41,0.07455878047520105,0.07248422169472586
21,IWM__XLB,us_equity,XLB,10,2187.730783143452,26626.7555757469,2010-04-13,2010-04-12,824,2.4525746799369164,0.7355803064728974,2.099297869546517,0.04029053142300227,0.022663967551473665,1.4042452908950704,254,0.031825769707155574,0.029825769707155572,-522.2361842501526,-574.9674592173963,52.73127496724365,2010-04-30,spread_break,13,-0.01961321133416021,-0.021593598122826047
17,GLD__SLV,metals,SLV,32,1599.067417506599,24369.78707680308,2010-02-12,2010-02-11,784,2.3977305924011203,0.4859980533574153,3.2684131980876043,0.03376854408954775,0.021562477499480034,1.3828486741299428,237,0.02981764342111269,0.02781764342111269,4413.426438315701,4360.273437723779,53.15300059192187,2010-05-07,spread_break,58,0.1811023799431025,0.17892127756315943
18,IEF__TLT,rates,TLT,24,390.4074062857902,21667.323616650767,2010-02-12,2010-02-11,784,2.1377883379661893,0.48545577275616886,2.153349532975212,0.009773358148211403,0.005387804972546596,1.3828486741299428,237,0.007450518962756773,0.005450518962756773,822.8588474793187,778.7013413985379,44.15750608078085,2010-05-12,time,61,0.037976949162607854,0.03593897221344525
22,IWM__XLF,us_equity,XLF,7,2732.30325321795,26419.788384793937,2010-04-27,2010-04-26,834,2.457767875544573,0.5319961404688769,2.708874711990588,0.05730801651065226,0.0366175184036021,1.4356058926848947,268,0.05256832519570875,0.050568325195708745,-2996.237385334693,-3046.080724718946,49.843339384253184,2010-06-04,structure_break,27,-0.11340883362484443,-0.11529542479121957
25,XLB__XLY,us_equity,XLB,10,2338.913094978681,26438.720964967808,2010-05-11,2010-05-10,844,-3.0163456583538384,0.9587502415426999,0.04103678153753706,0.04515870071358855,0.029006990801451228,1.4179017992677783,277,0.04112906444872159,0.039129064448721586,-2537.123006833335,-2587.463325756437,50.34031892310228,2010-06-04,spread_break,17,-0.09596239584339605,-0.09786643344755265
23,IWM__XLB,us_equity,XLB,10,2303.692470788132,26517.73298994453,2010-05-04,2010-05-03,839,2.7551177692242104,0.723902942756325,2.1371079930482546,0.04871556267541199,0.03186354878292182,1.4287117280343322,272,0.04552382584295448,0.04352382584295448,-516.3917581380254,-568.9108323597761,52.51907422175103,2010-07-30,time,61,-0.019473450401429115,-0.021453976951027676
24,VNQ__XLF,us_equity,XLF,7,2731.613779486896,26512.429443346547,2010-05-04,2010-05-03,839,2.123787936511435,0.9362554199016169,1.0201319701427434,0.08070030980303329,0.03383855977471176,1.4287117280343322,272,0.04834554720992148,0.04634554720992148,-2116.832912600531,-2167.740938574624,50.90802597409257,2010-07-30,time,61,-0.0798430380408523,-0.08176319500281147
26,XLE__XLY,us_equity,XLE,6,1580.8030694762347,25390.64827612768,2010-05-18,2010-05-17,849,-2.164835802266409,0.8894792214509227,0.5915101978627407,0.05585143712609175,0.02460558207783499,1.3624523864008558,286,0.03352393402072841,0.03152393402072841,-752.4544578817085,-802.4832999760822,50.028842094373644,2010-08-13,time,61,-0.02963510225097983,-0.031605467148728854
30,IWM__VNQ,us_equity,IWM,2,508.0707017533033,25216.25301403227,2010-08-12,2010-08-11,909,-2.9836808909531465,0.6740140918900014,1.7937177057996678,0.031139757220909475,0.02310052834476831,0.9616726023073185,396,0.022215145207987314,0.020215145207987312,-506.2004005936661,-556.1267062211368,49.926305627470875,2010-08-25,spread_break,9,-0.020074370300455707,-0.022054295930155246
27,XLB__XLY,us_equity,XLB,10,2321.6649420573344,23863.880920748004,2010-06-09,2010-06-08,864,-2.292674819712956,1.0229777398281636,-0.13106001099578124,0.0633665945718187,0.028076358988880456,1.0141869742856868,321,0.028474677571891416,0.026474677571891418,2929.724368720031,2879.0668825098146,50.657486210216035,2010-09-03,time,61,0.12276814397665038,0.1206453758326737
28,GLD__SLV,metals,SLV,32,1343.4182340698096,23859.108144563852,2010-06-09,2010-06-08,864,2.1246939769447684,0.4518581176647988,3.39115627308942,0.047545018283722346,0.026602497826556545,1.0141869742856868,321,0.026979906779156942,0.024979906779156943,2230.0740635665297,2180.1257732138356,49.94829035269423,2010-09-03,time,61,0.09346845867223406,0.09137499021356184
34,DBC__USO,commodities,USO,35,97.44867659679583,26326.734826258074,2010-09-10,2010-09-09,929,2.4268201349773584,0.6057940352972856,-0.47252102282555913,0.023455793563730034,0.01407250691154182,0.9655125952087075,410,0.013587182669255215,0.011587182669255215,-428.77358224638135,-480.99827831665124,52.22469607026977,2010-09-20,spread_break,6,-0.016286622138144,-0.018270335516005858
29,IEF__TLT,rates,TLT,24,412.60307028721627,25649.709483436403,2010-08-05,2010-08-04,904,2.888027511197449,0.444420380541174,2.333459702255251,0.013010924115507767,0.010755333126182376,0.9616726023073185,396,0.010343109196137913,0.008343109196137913,1877.7103867180076,1824.5332573644173,53.177129353590814,2010-10-06,spread_break,43,0.07320591244632071,0.07113270653387442
35,QQQ__XLF,us_equity,XLF,7,2907.3187370772553,25846.217065701978,2010-09-24,2010-09-23,939,2.9933816520392202,0.6098785812395452,2.3337855659453037,0.0342044245085623,0.026487924456558676,0.9885612138545992,426,0.02618493475326457,0.024184934753264567,106.1447937121664,54.34621478705023,51.79857892511612,2010-10-18,spread_break,16,0.004106782568696327,0.0021026757861276283
37,QQQ__XLF,us_equity,XLF,7,2916.4832329518895,25909.95308851695,2010-10-22,2010-10-21,959,3.3988506941466854,0.6098339579024096,2.348658767802892,0.037402370351434636,0.03367548768733344,1.0314829841908768,452,0.034735692533813825,0.03273569253381382,-53.24942731367485,-105.01608406339508,51.766656749720234,2010-10-26,spread_break,2,-0.0020551726640244093,-0.004053117491360385
31,VNQ__XLY,us_equity,XLY,4,1974.1255926676638,25067.307367532943,2010-08-19,2010-08-18,914,2.0223388595823963,1.2309760022972975,0.06678934577533178,0.035321633105936855,0.012051114535904855,0.9638941901202306,400,0.011615999285632148,0.009615999285632148,3610.3885938450103,3556.6435905160997,53.7450033289109,2010-10-29,convergence,50,0.1440277785288247,0.14188375075029588
38,QQQ__XLF,us_equity,XLF,7,3108.757279262096,27542.4232833596,2010-10-29,2010-10-28,964,3.3642444632406368,0.6220390317088863,2.3259525791582982,0.04021170611600301,0.035503509579198705,1.029303927871169,461,0.0365439018630809,0.0345439018630809,340.503580360919,285.0782302138389,55.425350147080124,2010-11-03,spread_break,3,0.012362876601589454,0.010350513724987865
33,IWM__VNQ,us_equity,IWM,2,516.62750940312,26450.39275626021,2010-09-10,2010-09-09,929,-2.1230190644564724,0.7216899587780131,1.6320708813494689,0.04339202929681521,0.02045260542849727,0.9655125952087075,410,0.0197472481460481,0.017747248146048097,4078.1023880872517,4021.1235001866444,56.978887900607674,2010-11-04,convergence,39,0.15417927535771872,0.152025096082361
32,VNQ__XLF,us_equity,XLF,7,3022.221916491451,24660.68187894622,2010-08-26,2010-08-25,919,2.1227084934782834,0.9868732059645521,1.0006223925366264,0.09024438524245729,0.03685195662764258,0.963753997363919,402,0.03551622051057231,0.033516220510572306,2262.19900346722,2210.6154407058602,51.58356276135966,2010-11-22,time,61,0.0917330272768551,0.08964129424957824
36,XLF__XLI,us_equity,XLF,7,3070.2667548209115,27462.97593030322,2010-10-08,2010-10-07,949,-2.2279727563057463,1.0135793327710798,-0.9185998086051539,0.04981267557749519,0.02137361685127953,1.0096021216066358,437,0.021578848919459156,0.019578848919459158,3418.3251496461953,3359.9808726359424,58.34427701025263,2011-01-05,time,61,0.1244703108039484,0.12234584049314444
41,DBC__USO,commodities,USO,35,96.1811984989014,28969.778161955997,2010-11-05,2010-11-04,969,2.738241235250439,0.6050401918101532,-0.45035143274162254,0.03752782237268352,0.02616642247723521,1.032862846017135,467,0.02702632558992389,0.02502632558992389,23.082548370219797,-34.880090502062316,57.96263887228221,2011-01-06,spread_break,42,0.000796780294318322,-0.0012040164859759928
39,XLF__XLY,us_equity,XLF,7,3034.328983057132,26883.01649981587,2010-10-29,2010-10-28,964,-2.516737630323891,1.0553353746684488,-0.5034873422671831,0.05526181347051402,0.027112017853510494,1.029303927871169,461,0.027906506469131613,0.02590650646913161,3766.5374854288666,3709.0049149438064,57.53257048506061,2011-01-27,time,61,0.1401084392986429,0.13796833085934426
40,QQQ__XLF,us_equity,XLF,7,3056.402363118789,28975.573276611318,2010-11-05,2010-11-04,969,2.7210543361191486,0.6276132461362627,2.318219367095957,0.04281951525283952,0.029215930212108006,1.032862846017135,467,0.03017604882791587,0.02817604882791587,2046.2682843838677,1986.2708695462613,59.9974148376065,2011-02-03,time,61,0.07062045899314742,0.06854983853415428
43,DBC__USO,commodities,USO,35,96.92097918750628,30146.30219466415,2011-01-11,2011-01-10,1014,2.1451015933022624,0.6193659361641718,-0.5147482044014776,0.0535970762884154,0.027224431991965812,1.0947483111512224,549,0.029803900945255882,0.02780390094525588,-1845.3762719123145,-1903.82350002973,58.44722811741598,2011-02-09,spread_break,20,-0.06121401755996937,-0.06315280354240939
45,XLE__XLY,us_equity,XLY,4,1947.3542654456962,30271.456919309123,2011-02-02,2011-02-01,1029,3.4716688423037283,0.9144112189122156,0.43706035372489904,0.040440686464866635,0.03138728156777714,1.4907987489937304,527,0.04679212009555614,0.04479212009555614,968.4307072850344,906.9193627391312,61.51134454590328,2011-02-24,spread_break,15,0.03199154602523626,0.029959554479211024
42,IWM__XLF,us_equity,XLF,7,3076.4157980227574,27218.453344240825,2010-11-29,2010-11-26,984,2.939181063021681,0.839774559950378,2.119231907551706,0.043765671192781935,0.029012358010523445,1.0202182147734022,504,0.029598936095863046,0.027598936095863044,4288.327215526926,4229.601981622918,58.725233904008576,2011-02-25,time,61,0.15755220038739992,0.15539464818701254
46,EEM__EWZ,international_equity,EWZ,17,836.3042938685664,30173.997634748008,2011-02-09,2011-02-08,1034,2.2717733439546945,0.8082388389328048,0.5244971806013216,0.027937014486516996,0.01368681407321722,1.7023043259141766,519,0.023299122804820705,0.021299122804820707,1504.8366512813848,1442.9838193606074,61.852831920777405,2011-02-25,convergence,11,0.04987196822566305,0.04782209625743739
50,XLB__XLE,us_equity,XLB,10,2160.090398820299,30876.694016090805,2011-03-03,2011-03-02,1049,-3.244618130685527,0.9073842445159631,-0.09928716786325775,0.02941326320289795,0.02116201171877289,1.713816394332914,497,0.03626780262069823,0.03426780262069823,-462.2649815697532,-523.5561046203651,61.29112305061186,2011-03-08,spread_break,3,-0.014971323721666981,-0.016956352397945317
48,EFA__EWZ,international_equity,EWZ,17,797.8221120887126,30184.335848769268,2011-02-24,2011-02-23,1044,2.166335415237215,0.6858695497230762,1.0625347455936507,0.03521511725077368,0.017403540219447605,1.787021905950563,499,0.031100507613244538,0.029100507613244536,-764.8372028372421,-824.4410373319433,59.60383449470129,2011-03-17,convergence,15,-0.025338877975293515,-0.02731353909731822
44,EEM__FXI,international_equity,FXI,18,987.6833322620649,29608.23090072581,2011-01-11,2011-01-10,1014,2.139241473529132,0.9220180476407439,0.31761037244884693,0.03316629219995712,0.014143353587155712,1.0947483111512224,549,0.0154834124535533,0.0134834124535533,1500.6970055197744,1439.9798467128028,60.7171588069714,2011-04-08,time,61,0.050685129096415774,0.04863444396731935
47,SPY__XLV,us_equity,XLV,8,1184.9296961089283,29347.1020368747,2011-02-09,2011-02-08,1034,2.1294782995931403,1.0644428455608514,1.119221474945143,0.03457171165897945,0.01364383955923804,1.7023043259141766,519,0.023225967103769885,0.021225967103769887,1822.2457134048816,1761.7292636177274,60.516449787154286,2011-04-20,convergence,49,0.062092867333722615,0.060030774466388895
52,IWM__XLE,us_equity,IWM,2,471.0683420468824,29891.062081590244,2011-03-17,2011-03-16,1059,-3.1877110130834354,0.8848107367402671,1.4981396216361509,0.031033384075718585,0.02212656330094191,1.0134999814540948,480,0.02242527149514748,0.02042527149514748,2457.307923204254,2395.06849111787,62.23943208638474,2011-05-12,convergence,39,0.08220878590719925,0.08012657712129208
49,XLE__XLI,us_equity,XLI,9,1106.396260444311,30882.870590208848,2011-03-03,2011-03-02,1049,2.9905379305248485,0.8963297084162403,0.02126486930767555,0.047050584014771114,0.030896859238681646,1.713816394332914,497,0.05295154389664897,0.050951543896648965,426.88289706516366,364.69027298768066,62.19262407748286,2011-05-31,time,61,0.013822643067400064,0.01180882042433266
51,XLB__XLE,us_equity,XLB,10,2235.768444711011,30296.050911181177,2011-03-10,2011-03-09,1054,-2.7007824027689122,0.909845668712802,-0.10805267290404895,0.032618507557761904,0.018793727318838716,1.2456513448904256,490,0.02341043171021538,0.02141043171021538,490.58820569017263,429.50551566211976,61.082690028052525,2011-06-07,time,61,0.01619314039075351,0.014176947250362747
55,VNQ__XLF,us_equity,XLF,7,3239.4030295359435,31279.348628503583,2011-05-13,2011-05-12,1099,2.2710135485778746,0.8508119643368869,1.4601926503065137,0.04529189382409198,0.021669558860874395,0.5086581091875154,474,0.01102239683709994,0.00902239683709994,-1340.7901298873685,-1402.0080370144883,61.2179071271198,2011-07-11,spread_break,39,-0.0428650272041011,-0.044822162176896996
53,EEM__EWZ,international_equity,EWZ,17,804.457340918706,31548.863091938918,2011-04-14,2011-04-13,1079,2.257195350111182,0.8078595970930936,0.5400490524997792,0.02535450674978379,0.012321980489170825,0.559886845865063,464,0.006898914790892699,0.004898914790892699,-1973.8701785342587,-2034.9940345396033,61.12385600534358,2011-07-13,time,61,-0.06256549317742624,-0.06450292768424884
54,IWM__XLF,us_equity,XLF,7,3273.479305151953,32269.824102021703,2011-04-21,2011-04-20,1084,2.067715281885752,0.8815487057551478,2.0885499864310884,0.05837291172228473,0.02431829308358667,0.5103893238334959,465,0.01241179716371658,0.01041179716371658,-2096.7823493810797,-2159.225215235742,62.44286585466233,2011-07-20,time,61,-0.0649765658081079,-0.06691158924229978
57,XLK__XLV,us_equity,XLK,11,2997.5948943966837,30400.498826633284,2011-06-13,2011-06-10,1119,-2.227580435381347,0.9965644151273472,-0.8799248033638918,0.03855129319761413,0.016678765629157072,0.4439210679741179,491,0.007404055450585418,0.0054040554505854176,1685.4067172193397,1622.9203128488537,62.486404370485914,2011-07-27,convergence,31,0.05544010073093892,0.053384660630207977
56,XLV__XLY,us_equity,XLY,4,1908.3809683382801,30558.526823253116,2011-06-06,2011-06-03,1114,2.602044158079478,0.5812463249907638,1.6135736093950648,0.026198698347902862,0.017413738751872628,0.48062103796915434,485,0.00836940919384871,0.006369409193848709,-1620.1134799005629,-1679.610420067168,59.49694016660567,2011-08-05,convergence,43,-0.05301674027910791,-0.05496372353882878
60,XLF__XLK,us_equity,XLF,7,3226.076078189197,30112.75595493305,2011-07-26,2011-07-25,1149,-2.5084272452161205,0.9564642981714954,0.03123508338015654,0.036143536530839106,0.01855174755165359,0.395013231710531,514,0.007328185754256616,0.0053281857542566155,-4143.230565048054,-4199.3128463928715,56.08228134481805,2011-08-09,spread_break,10,-0.13759054705085247,-0.1394529565038016
61,GLD__SLV,metals,SLV,32,753.3702167136398,29999.201799626793,2011-08-02,2011-08-01,1154,2.664643945565254,0.281128154360239,3.9712543914982277,0.029120089509345762,0.024601217776765417,0.395013231710531,514,0.009717806538014672,0.007717806538014672,-2636.7957584977394,-2694.157366338495,57.361607840755845,2011-08-09,spread_break,5,-0.08789553055810113,-0.08980763502754303
64,XLI__XLY,us_equity,XLI,9,1181.1053550007884,27653.654589268146,2011-08-09,2011-08-08,1159,-3.195281271627214,0.9705025952097133,0.6028358243199351,0.021708808382137276,0.014846807307932355,0.3054647884970061,518,0.0045351768541733615,0.0025351768541733615,-160.66599428806558,-215.81263747231384,55.14664318424823,2011-08-11,spread_break,2,-0.005809937119501629,-0.007804127182382129
62,XLI__XLP,us_equity,XLI,9,1181.577938913236,27664.71937042754,2011-08-09,2011-08-08,1159,-2.8495929535027495,1.4168521049999006,-0.9420578520954012,0.04173350563314671,0.020286046994301466,0.3054647884970061,518,0.006196673054554624,0.0041966730545546236,-1652.0180857458274,-1705.6955064009367,53.67742065510926,2011-08-19,spread_break,8,-0.05971570011701501,-0.061655984416898
63,IWM__XLE,us_equity,IWM,2,489.6262634179394,27659.186426553457,2011-08-09,2011-08-08,1159,-2.434200519291746,0.778954045570753,1.7859518109620898,0.025846888355963916,0.014051252477447106,0.3054647884970061,518,0.004292162866141413,0.0022921628661414133,-1664.4965707353513,-1718.150447017723,53.65387628237156,2011-08-19,spread_break,8,-0.06017879720198119,-0.06211861840477922
59,XLF__XLY,us_equity,XLF,7,3349.681877416363,30525.503720522385,2011-07-19,2011-07-18,1144,-2.608086669780765,0.9196959318774464,-0.25946759926644325,0.05173959437565558,0.02840854829975921,0.3810840566561929,510,0.01082604482978563,0.00882604482978563,-5063.5580769936505,-5119.545526357701,55.98744936405112,2011-08-23,spread_break,25,-0.16587959115607995,-0.16771371156492385
65,QQQ__XLI,us_equity,XLI,9,1163.4290795116992,27626.682963334053,2011-08-16,2011-08-15,1164,2.7510102787493858,0.8006540685465536,1.2526103808956954,0.024597316955715785,0.015374639211424217,0.25912975628634716,523,0.003984026511846874,0.0019840265118468738,-1090.297577847752,-1144.4606461965725,54.16306834882036,2011-09-09,spread_break,17,-0.03946538132336726,-0.04142591594204389
58,VNQ__XLF,us_equity,XLF,7,3372.269704344835,31042.18940174415,2011-07-12,2011-07-11,1139,2.607636923958643,0.7402807472313615,1.738908579916802,0.05396160872859062,0.032676187222528234,0.38448084830082485,506,0.012563368182554229,0.010563368182554229,-5516.999995246307,-5573.567374054548,56.56737880824199,2011-10-06,time,61,-0.17772586604140514,-0.17954814017536372
70,QQQ__XLB,us_equity,XLB,10,2111.7769891827584,25474.19002706428,2011-10-12,2011-10-11,1204,3.242980114431282,0.6856526514883957,2.099766487515306,0.030796983196370916,0.025057212236913002,0.09307768834338202,616,0.0023322673913413667,0.00033226739134136667,536.0483719413724,484.5639435153024,51.48442842606993,2011-10-14,spread_break,2,0.021042803377530905,0.019021760574153376
66,SPY__XLP,us_equity,SPY,0,292.80219945553006,26120.872775841923,2011-08-23,2011-08-22,1169,-3.0051375554483473,1.3104334648282576,0.6677239064720474,0.03603037305567293,0.019533356413985698,0.17299722717833654,528,0.003379216497105701,0.0013792164971057012,1413.665514114738,1360.0101030489393,53.65541106579858,2011-11-17,time,61,0.05412014852054165,0.05206602837202111
67,XLI__XLV,us_equity,XLI,9,1141.5787943253256,26115.648601286754,2011-08-23,2011-08-22,1169,-2.5470423985591615,1.211760769530683,-0.6407064872664971,0.04680426206277636,0.021659283905308493,0.17299722717833654,528,0.0037469960582867416,0.0017469960582867415,2375.8708017365348,2321.2636337322256,54.60716800431005,2011-11-17,time,61,0.09097498737287621,0.08888401238550336
68,IWM__XLE,us_equity,IWM,2,469.5558882710734,26040.410218447185,2011-08-23,2011-08-22,1169,-2.187076534955675,0.8543558774915146,1.5565312178678736,0.03524776158842918,0.01603405047740707,0.17299722717833654,528,0.0027738462730289063,0.0007738462730289063,1561.569236981933,1507.9268473080574,53.64238967387631,2011-11-17,time,61,0.05996715197196502,0.057907184819993074
69,XLF__XLY,us_equity,XLF,7,3420.4593192165935,26483.365634466347,2011-09-14,2011-09-13,1184,-2.4344929280385097,1.1002168811672108,-0.7912548801557169,0.06943177792186654,0.031976526942385224,0.15811499009422114,563,0.0050559682407428355,0.0030559682407428354,1157.8956909332828,1103.7710639734169,54.12462695986598,2011-12-09,time,61,0.04372162159881818,0.04167789997721936
71,QQQ__XLB,us_equity,XLB,10,2190.6555003551944,25958.26989071593,2011-10-19,2011-10-18,1209,3.360918492796091,0.6820918039097903,2.111947826602566,0.03376811764705744,0.02871657540296822,0.1090288621862589,629,0.003130935542071534,0.001130935542071534,3832.50643777141,3776.757391552207,55.749046219203265,2012-01-18,time,61,0.14764105827954738,0.14549341722126782
75,EEM__EWU,international_equity,EEM,14,1037.7574731233594,28010.09531456917,2011-12-15,2011-12-14,1249,-2.20985648141668,0.998796376146436,0.5272827770950914,0.0440515940682892,0.01884181513767229,0.37717427727229524,687,0.0071066480070497385,0.0051066480070497385,5310.6271965076585,5249.296378682013,61.33081782564601,2012-02-03,convergence,33,0.18959689843487926,0.1874073015364444
72,XLF__XLI,us_equity,XLF,7,3691.3069952848555,26755.922551925898,2011-11-23,2011-11-22,1234,-2.2687752276216573,1.1069084780948297,-1.4085072340293825,0.050910909885795545,0.021370163241049105,0.4158663175911585,694,0.008887131093377028,0.006887131093377028,6977.678624218466,6917.189100490396,60.48952372807026,2012-02-23,time,61,0.2607900591234224,0.258529269064299
73,EFA__EWU,international_equity,EFA,13,897.6835903980295,26750.571367415512,2011-11-23,2011-11-22,1234,-2.3805831745262074,0.9778269998646177,0.7036718843782538,0.025551344803229945,0.012147530882822664,0.4158663175911585,694,0.005051748936064336,0.0030517489360643362,5035.671611899605,4977.134797552873,58.53681434673063,2012-02-23,time,61,0.18824538521945308,0.18605713983423358
74,XLP__XLV,us_equity,XLV,8,1080.2838205424841,28524.85587411683,2011-12-01,2011-11-30,1239,2.254419809110894,0.6789356568313484,0.7975281865800278,0.017206406275681544,0.00898999907793907,0.41308360662526106,693,0.0037136212426728426,0.0017136212426728426,2222.783770314091,2163.5112747955436,59.27249551854776,2012-03-01,time,61,0.07792445227851344,0.07584652782623495
76,SPY__XLE,us_equity,XLE,6,1431.484232162188,30736.791382975323,2012-01-24,2012-01-23,1274,2.1347373495468407,0.6700051934357001,2.5282852040934256,0.01910264156420544,0.00934961213377055,0.5125011946896899,695,0.004791687388442628,0.002791687388442628,1255.3718741777875,1192.642919537659,62.728954640128435,2012-03-13,spread_break,34,0.040842645497249926,0.03880180285175268
77,SPY__XLB,us_equity,XLB,10,2354.071013407221,31978.17572765481,2012-02-14,2012-02-13,1289,2.359568308216213,0.7078144519419266,2.748260897388613,0.02411315846301682,0.013127908959265092,0.5349453149210787,701,0.007022713392469315,0.005022713392469315,200.58553966035367,136.4286026653839,64.15693699496997,2012-03-14,spread_break,20,0.006272576064646701,0.004266303488582061
78,QQQ__XLB,us_equity,XLB,10,2360.518263197892,32328.100560255967,2012-02-29,2012-02-28,1299,2.28524156541207,0.6852841972511012,2.1390502672933924,0.04708978998477636,0.024941386896189518,0.5279871820760428,699,0.013168732584387442,0.011168732584387442,-772.239861495404,-836.1238227544205,63.88396125901653,2012-04-09,spread_break,27,-0.02388757298177897,-0.02586368540879719
81,XLE__XLK,us_equity,XLE,6,1474.092566354296,32626.73658633211,2012-03-14,2012-03-13,1309,-2.5411466560531504,1.2346012340712136,0.1428813038166077,0.06010746401082038,0.02745191117298273,0.5002574849059509,694,0.013733024039257913,0.011733024039257913,-1796.1848061469532,-1859.6420945134705,63.45728836651726,2012-04-09,spread_break,17,-0.05505254261008149,-0.05699749006747141
79,XLK__XLY,us_equity,XLY,4,1776.9946138617308,32321.63494014392,2012-02-29,2012-02-28,1299,2.2435152930105877,0.8801212613570988,-0.09917902901888243,0.013394552553945678,0.006210665157837038,0.5279871820760428,699,0.0032791515955042394,0.0012791515955042393,2058.7477443085745,1992.045726683978,66.70201762459641,2012-05-03,convergence,45,0.06369565611767929,0.0616319604615616
80,XLB__XLK,us_equity,XLB,10,2391.7698200174746,31923.23263897944,2012-03-07,2012-03-06,1304,-2.141730805296185,1.23588081206216,-0.3294294763989628,0.06582740966407466,0.024167407693500675,0.5161787660470515,696,0.012474702681787197,0.010474702681787197,-2457.6647464038165,-2519.0535469353713,61.38880053155506,2012-06-04,time,61,-0.07698671291211648,-0.07890972619920435
82,XLB__XLY,us_equity,XLB,10,2355.1945428421072,32194.119251528933,2012-03-14,2012-03-13,1309,-2.095291134140112,1.1692431248714708,-0.6828674630904299,0.06115627200526948,0.022487580439571095,0.5002574849059509,694,0.011249580432320093,0.009249580432320093,-2469.763027378555,-2531.681502854234,61.918475475679315,2012-06-11,time,61,-0.07671472569516755,-0.07863801096947239
86,EEM__EWZ,international_equity,EWZ,17,1104.9658025229492,30158.810852038656,2012-06-08,2012-06-07,1369,2.6775724819659796,0.9359265929029299,0.14685500999015225,0.03053233475514834,0.01717171823991733,0.6758337748490739,681,0.011605227158728026,0.009605227158728026,-1012.1216815464179,-1071.4271815689488,59.30550002253089,2012-06-27,spread_break,13,-0.03355973438448755,-0.03552617465010306
83,XLE__XLK,us_equity,XLE,6,1530.6697235962588,32078.2552770652,2012-04-12,2012-04-11,1329,-2.739432785615654,1.2415948262186058,0.1042137194217875,0.07202514136912909,0.03597783620038123,0.4166377513345093,689,0.014989724772408142,0.012989724772408142,-2058.644624460514,-2120.742490390184,62.097865929669894,2012-07-10,time,61,-0.06417570427941481,-0.0661115285751354
84,QQQ__XLB,us_equity,XLB,10,2220.1878176908217,30183.50902509941,2012-04-12,2012-04-11,1329,2.2036320731983445,0.6822540037088919,2.1696400559792908,0.06090698923756534,0.030840497367904774,0.4166377513345093,689,0.012849315473401698,0.010849315473401698,-1621.0452216634749,-1679.7911944920097,58.74597282853535,2012-07-10,time,61,-0.05370632090243311,-0.05565261458153066
85,IWM__XLY,us_equity,IWM,2,483.87420006059364,32102.475651998277,2012-05-03,2012-05-02,1344,-2.3869963761359902,1.2548267425564188,0.6031491749376996,0.05269739646175708,0.022050429480536697,0.7213848723976366,704,0.01590684625713005,0.013906846257130049,-748.9580532828759,-812.4140465335895,63.455993250713675,2012-07-31,time,61,-0.02333022728221447,-0.02530689705493225
87,IWM__XLV,us_equity,IWM,2,476.11961241319193,30255.820866208192,2012-06-15,2012-06-14,1374,-2.2511668837205736,1.4879001951606647,-0.7781101130208355,0.042615258263187364,0.014997874343362472,0.6790480943612843,688,0.010184277992330284,0.008184277992330284,3012.9099135107417,2949.3853618648145,63.52455164592713,2012-09-12,time,61,0.09958116578075624,0.09748158461497547
91,IWM__VNQ,us_equity,IWM,2,471.21712409652025,30872.418740311598,2012-08-06,2012-08-03,1409,-2.0443608616511737,1.0245404201667347,0.5368617030651582,0.04111297177885136,0.015680908093748547,0.7251352220087801,719,0.01137077877185963,0.00937077877185963,2474.626897283402,2410.4074329054956,64.2194643779066,2012-09-19,convergence,31,0.08015656039454282,0.07807640383414828
88,EFA__EWZ,international_equity,EWZ,17,1083.1008424551655,29954.6997982854,2012-06-29,2012-06-28,1384,2.705924159790952,0.8019864777069438,0.7309417519413871,0.03833986353791484,0.023467110410561282,0.6541065135560846,693,0.015349989773887938,0.013349989773887938,1697.6191837121225,1636.0121649318398,61.60701878028293,2012-09-26,spread_break,61,0.056672882557457435,0.05461620967489999
90,XLI__XLV,us_equity,XLI,9,1055.5656506824414,28230.28881402907,2012-07-16,2012-07-13,1394,-3.085734398328782,1.292980561377777,-1.0080908371506692,0.03635575014327261,0.020498715799409394,0.6587418184399496,703,0.01350336132138667,0.01150336132138667,1585.7403140840624,1527.69399614192,58.0463179421422,2012-09-26,spread_break,51,0.056171593727940436,0.05411542213421249
89,XLB__XLV,us_equity,XLB,10,2336.593293236469,30234.738540201284,2012-07-16,2012-07-13,1394,-2.106881285491296,1.4106514715672898,-2.1037063147166997,0.06816847264006609,0.022719717934718883,0.6587418184399496,703,0.014966428306759453,0.012966428306759453,1712.6845385125353,1650.5023768936205,62.1821616189151,2012-10-10,time,61,0.05664624935437372,0.05458960310501936
92,EFA__EWJ,international_equity,EWJ,15,1121.790302496218,32666.453243616164,2012-09-18,2012-09-17,1439,2.464220542209752,1.1836347415263972,-0.4770189920767942,0.02962982642065901,0.013326293223583087,0.679661801575582,720,0.009057372460664952,0.007057372460664952,-1530.7021759143718,-1594.5043802256896,63.80220431131796,2012-10-11,spread_break,17,-0.04685853601855319,-0.048811677482534635
93,SPY__XLI,us_equity,XLI,9,1133.3984852480535,32137.861577934156,2012-09-25,2012-09-24,1444,2.2899005570727473,0.8032389731385285,1.9887306386927537,0.0240428434308224,0.011932500209758907,0.6547415325974415,710,0.007812703475056838,0.005812703475056838,1424.911010689661,1359.2103765231032,65.70063416655799,2012-12-24,time,61,0.044337455596859136,0.042293118141262284
94,DBC__USO,commodities,USO,35,117.34875067101127,31937.636412366388,2012-10-02,2012-10-01,1449,2.1940586862694165,0.5388211728816891,0.09271206746084946,0.03231568431262481,0.017787858224625357,0.6538245408881197,702,0.011630138237098638,0.009630138237098637,-187.75871731355045,-251.44623142096967,63.687514107419226,2013-01-02,time,61,-0.005878917114882348,-0.007873038197767466
95,XLI__XLV,us_equity,XLI,9,1106.2178041031632,31504.715424386934,2012-10-02,2012-10-01,1449,-2.2576020895234077,1.2463624137747564,-0.8743741904574482,0.04625748068217214,0.01809642206540824,0.6538245408881197,702,0.01183188484863318,0.00983188484863318,2110.656176988506,2045.536089962744,65.12008702576237,2013-01-02,time,61,0.06699492912590174,0.06492793419677585
96,IWM__XLV,us_equity,IWM,2,461.90230763796944,31925.57870158297,2012-10-16,2012-10-15,1459,-2.376937044945242,1.403200530018535,-0.5437411829585924,0.05054658514807468,0.019738835143975408,0.6223529695781983,697,0.012284522667867599,0.010284522667867599,1924.3697596120132,1858.5942324492355,65.77552716277796,2013-01-16,time,61,0.06027673852366525,0.0582164617851416
97,EFA__EWJ,international_equity,EWJ,15,1093.5982418233002,31031.55513684779,2012-10-16,2012-10-15,1459,2.8921697228702823,1.1348472633438882,-0.30179927187905303,0.03137615481671061,0.017579029858806168,0.6223529695781983,697,0.010940361434931834,0.008940361434931834,2528.059438144042,2463.468268432202,64.59116971183963,2013-01-16,time,61,0.081467378189569,0.07938591081137944
98,XLK__XLY,us_equity,XLK,11,2694.7751437704424,32744.46468754178,2012-12-31,2012-12-28,1509,-2.160918889252343,0.8704101071056115,-0.0643672603920622,0.02737269465652672,0.012153437749306072,0.43887106232471684,666,0.005333792135935271,0.003333792135935271,510.7391671870831,444.73949864481244,65.99966854227064,2013-01-25,spread_break,17,0.0155977253578802,0.013582127632522317
99,IWM__XLK,us_equity,XLK,11,2685.780823708338,33200.78110512339,2013-01-08,2013-01-07,1514,2.3994951357503638,0.9262974416704802,1.8884848228977953,0.028761981531015297,0.01418089512835763,0.47565656859678174,669,0.006745235916385409,0.004745235916385409,56.55739437895186,-9.900725225673852,66.45811960462572,2013-01-28,spread_break,13,0.0017034958966740752,-0.0002982075992225984
102,IWM__QQQ,us_equity,QQQ,1,554.5648160756398,33485.14036822681,2013-01-23,2013-01-22,1524,2.4162115281819068,0.9070191492288051,0.5244808964173153,0.027875055073855362,0.014004710414897491,0.5050723341628767,666,0.007073391778527425,0.005073391778527425,-198.16070894859809,-264.93282897610305,66.77212002750503,2013-02-20,spread_break,19,-0.005917870039351178,-0.007911952169311825
104,IWM__XLK,us_equity,XLK,11,2654.6948747281076,32816.5063428542,2013-01-30,2013-01-29,1529,2.7260513954775725,0.8990631531393459,1.9590263496193452,0.03340819815151594,0.019580277252137394,0.5064370146136906,667,0.009916177156880819,0.007916177156880819,1229.9245386190773,1163.06160139475,66.86293722432748,2013-03-14,spread_break,30,0.03747883841653649,0.03544135957811995
101,XLI__XLK,us_equity,XLK,11,2693.9568106321994,33789.73822632926,2013-01-23,2013-01-22,1524,2.458818734112567,0.8263003847065779,1.2759612395390847,0.0329180289188399,0.01765329851437407,0.5050723341628767,666,0.008916192686328954,0.0069161926863289536,628.0613611610067,559.8538233471871,68.20753781381953,2013-03-18,spread_break,37,0.018587340243778977,0.016568752903535197
100,IWM__XLE,us_equity,XLE,6,1473.8315812823298,32785.11770700222,2013-01-08,2013-01-07,1514,2.4002583027055033,0.7162491367050343,2.007767665134926,0.023796481039665866,0.013173920878880785,0.47565656859678174,669,0.006266262000213933,0.004266262000213933,2470.8510071799,2402.8099207587165,68.04108642118433,2013-03-21,spread_break,50,0.07536501864235119,0.07328965362370886
103,XLK__XLV,us_equity,XLK,11,2715.0941951227646,33563.14381886106,2013-01-30,2013-01-29,1529,-2.457964226687297,1.0259118689005093,-1.001085522368863,0.04616491282956594,0.022308287254737057,0.5064370146136906,667,0.01129774239843368,0.00929774239843368,826.1625713930462,758.2101211839314,67.95245020911517,2013-04-03,spread_break,43,0.024615172400172414,0.022590557227772253
105,IWM__QQQ,us_equity,QQQ,1,559.4520095989766,33220.47220741152,2013-02-21,2013-02-20,1544,2.64984968144691,0.879328568929619,0.6400099411672856,0.034222155353183716,0.019574142329558758,0.4623250093877123,671,0.00904961553626967,0.00704961553626967,3944.129838424621,3873.744764171374,70.38507425324767,2013-05-20,time,61,0.11872588125176263,0.11660715537051089
106,QQQ__XLV,us_equity,QQQ,1,552.3552379555568,33978.406044547264,2013-03-14,2013-03-13,1559,-2.0030183218221955,1.1087883611124114,0.2574186106955684,0.055212595988720775,0.019676119447718805,0.4289518752340198,692,0.008440108334427548,0.006440108334427548,1972.8772822232036,1902.947592851886,69.92968937131772,2013-06-11,time,61,0.05806267897430709,0.05600461629533279
110,EEM__EFA,international_equity,EEM,14,1167.8760166996008,36788.54894556907,2013-05-24,2013-05-23,1609,-2.359231879005621,0.9338835727941388,0.07038364552307418,0.038070877697570525,0.018300633624695983,0.6809317168534798,786,0.012461481873570756,0.010461481873570756,-2027.8560701495182,-2099.405311970507,71.54924182098863,2013-06-13,spread_break,13,-0.0551219368056581,-0.05706681486885244
107,IWM__XLK,us_equity,XLK,11,2707.7571107606614,34330.732833418784,2013-03-21,2013-03-20,1564,2.30711109808425,0.8953788932317895,1.9788892308039714,0.04829261969172492,0.02302181619519746,0.42184719938278015,696,0.00971168868664918,0.00771168868664918,2221.534959359128,2150.651958732931,70.88300062619669,2013-06-18,time,61,0.06470980302513686,0.0626450932221117
108,SPY__XLK,us_equity,XLK,11,2707.2155593385096,34323.8666868521,2013-03-21,2013-03-20,1564,2.1246690690710164,0.7718489203475627,2.773461336716906,0.03617522351138556,0.016585151823821965,0.42184719938278015,696,0.006996399848217504,0.004996399848217504,2221.0906523672566,2150.2218283411853,70.86882402607147,2013-06-18,time,61,0.06470980302513686,0.06264509322211173
112,EEM__EFA,international_equity,EEM,14,1205.411328450366,35635.356353635376,2013-06-17,2013-06-14,1624,-3.043246173561535,0.9128004090634138,0.1382645017660697,0.04306102823920619,0.0286268224274924,0.6323707725014291,802,0.018102765812734605,0.016102765812734607,-2030.1472077477615,-2099.3877732472847,69.240565499523,2013-06-21,spread_break,4,-0.056970026835178655,-0.05891305680834348
109,XLV__XLY,us_equity,XLY,4,1513.2930259766943,34174.794819554976,2013-04-05,2013-04-04,1574,2.6946826588258297,0.607247878614337,1.638297412202041,0.03199670464008585,0.021845607559211614,0.4016762120760996,710,0.008774860894885128,0.006774860894885128,2912.732896035933,2841.470573500788,71.26232253514588,2013-07-02,time,61,0.08523044282826986,0.0831452123854416
115,CORN__DBA,commodities,DBA,37,1614.8887007886526,35009.078039478554,2013-06-24,2013-06-21,1629,2.0461798638368256,1.6557414688471768,-1.4478182491172336,0.03502096379249477,0.010194649905365076,0.5869803839306518,805,0.005984059515489775,0.003984059515489775,-819.0072551008245,-888.206403924681,69.19914882385629,2013-07-05,convergence,8,-0.02339413949082743,-0.025370745351336606
114,DBC__USO,commodities,DBC,33,1635.7702473638453,35016.0812557297,2013-06-24,2013-06-21,1629,-2.6457824015656173,0.5110803279934,0.2835274836187878,0.03001332003161785,0.02130993724930674,0.5869803839306518,805,0.012508515148136168,0.010508515148136168,511.692999685111,441.14914417396653,70.54385551114451,2013-07-08,spread_break,9,0.014613085797582855,0.012598472711785274
116,DBC__USO,commodities,DBC,33,1624.959806764765,35512.78917780697,2013-07-09,2013-07-08,1639,-3.0017280096288235,0.4995441015428174,0.3462745200008797,0.03375897221440418,0.028160481001580133,0.4906583598291966,820,0.01381717542023656,0.01181717542023656,-412.1442417605555,-482.7576758744089,70.61343411385337,2013-08-06,spread_break,20,-0.011605515964882789,-0.013593910448917907
111,EFA__EWZ,international_equity,EWZ,17,1417.3186853825625,36262.89745089247,2013-06-17,2013-06-14,1624,2.3858566363036466,0.5948009293641948,1.605680331724153,0.07044848663820549,0.041652767940502364,0.6323707725014291,802,0.02633999303935824,0.024339993039358243,-3131.6512333043825,-3201.045376972863,69.39414366848055,2013-08-07,spread_break,36,-0.08635965279788499,-0.0882732931450871
113,EEM__EFA,international_equity,EEM,14,1282.321063538802,35023.08587290428,2013-06-24,2013-06-21,1629,-3.1420170429221965,0.9335985905167792,0.059427639549444695,0.047987665553931635,0.03278452696059658,0.5869803839306518,805,0.019243874222315785,0.017243874222315783,3006.3743010001217,2933.321754953313,73.05254604680869,2013-08-08,spread_break,32,0.08583978898689829,0.08375394919791138
117,EEM__EWU,international_equity,EEM,14,1241.4692315508016,35505.686619971406,2013-07-09,2013-07-08,1639,-2.8945164168038535,0.9938234344564495,0.420780032369671,0.03985271092164436,0.023930898019069318,0.4906583598291966,820,0.011741895171276322,0.009741895171276322,571.7614051603693,500.17827051526575,71.58313464510317,2013-08-20,spread_break,30,0.016103375531928518,0.01408727215639658
121,QQQ__XLK,us_equity,XLK,11,2542.0885244488154,35007.808740213935,2013-08-13,2013-08-12,1664,2.411070821170399,0.9843859411802862,1.6141687940568645,0.017412305096145435,0.008384495049074972,0.7783682524278751,839,0.006526224758838657,0.0045262247588386565,288.87523871207,218.57074599293,70.30449271913994,2013-09-23,spread_break,28,0.008251737229706558,0.006243485492476851
118,IWM__XLB,us_equity,XLB,10,2340.262152050634,35498.58548264742,2013-07-09,2013-07-08,1639,2.487894173602182,0.7509502487439587,2.293117289754041,0.0441183801406967,0.025044306910881834,0.4906583598291966,820,0.012288198551952293,0.010288198551952293,2343.2885378139745,2269.9480783108656,73.3404595031088,2013-10-03,time,61,0.06601075806131576,0.06394474730325445
119,IWM__XLE,us_equity,XLE,6,1419.893472604434,36115.99717964588,2013-08-06,2013-08-05,1659,2.0551217865785953,0.7383702170031129,1.9911008446682823,0.04768020466282659,0.021327023534583246,0.7973470857873857,836,0.017005040063818942,0.015005040063818942,1795.644395690657,1721.6167569356744,74.0276387549824,2013-10-31,time,61,0.04971880983263117,0.04766909102279853
120,DBC__USO,commodities,DBC,33,1658.4567719760144,36441.14657510478,2013-08-13,2013-08-12,1664,-2.1233134356648034,0.47090755674200513,0.4966946169757546,0.04607623869395212,0.025425179507018506,0.7783682524278751,839,0.01979015254054302,0.017790152540543017,-1261.9110930077509,-1333.5314750649522,71.62038205720181,2013-11-07,time,61,-0.03462874282528314,-0.03659411408245784
122,EEM__EFA,international_equity,EEM,14,1231.940517609999,35800.54089508859,2013-08-20,2013-08-19,1669,-2.145759179158284,0.9587356899766634,-0.06148133213335838,0.06793254474628925,0.028538972780221925,0.7773215082851442,839,0.022183957366430782,0.020183957366430784,2762.4672043746227,2688.1036553800714,74.36354899455179,2013-11-14,time,61,0.07716272255410533,0.07508555983155124
126,XLE__XLI,us_equity,XLE,6,1349.1973469271547,36136.60376215503,2013-11-13,2013-11-12,1729,-2.5990515434766164,0.9099520698361878,-0.00670324519188039,0.018856905535040294,0.01036193978205796,0.641225064372292,753,0.006644335503771929,0.004644335503771929,-671.3536290328873,-742.9554829281644,71.60185389527717,2013-12-11,spread_break,19,-0.01857821596771026,-0.020559637751742552
123,QQQ__XLK,us_equity,XLK,11,2566.7611375212728,35430.98545061942,2013-09-25,2013-09-24,1694,2.342368522510933,0.9887301618933948,1.6116847042825428,0.022413342309681113,0.010381910313137925,0.9074496382594767,799,0.00942106075809934,0.00742106075809934,3083.035613337498,3009.0906068229215,73.94500651457633,2013-12-20,time,61,0.08701523748568499,0.08492822224819929
124,IWM__XLF,us_equity,XLF,7,2923.016837639982,36715.33951780895,2013-10-09,2013-10-08,1704,2.297566373361903,0.8486504229730253,2.280160422192183,0.019851513872351817,0.00965147692441462,0.727030686750415,774,0.007016919896512945,0.005016919896512945,4454.9624870026155,4377.0768454799945,77.88564152262052,2014-01-07,time,61,0.12133790795647456,0.11921657004851807
128,XLE__XLI,us_equity,XLE,6,1358.2600865591335,35854.617577910096,2013-12-12,2013-12-11,1749,-2.5329942143676796,0.9010176046009952,0.01898392731746943,0.022050107315978656,0.011790459091771522,0.6532441016177918,765,0.007702047857065613,0.005702047857065613,795.4151046299994,722.9104543695491,72.50465026045019,2014-01-10,spread_break,19,0.022184453729051954,0.0201622692753229
125,QQQ__XLF,us_equity,XLF,7,2870.830640126831,37859.16393963348,2013-11-06,2013-11-05,1724,2.849479804880427,0.6907262152529505,2.453207585516757,0.027985694624961532,0.019444846762803836,0.6335525877745994,749,0.012319332985454913,0.010319332985454913,2649.873468866535,2571.5052675184015,78.3682013481335,2014-01-22,spread_break,51,0.0699929209501764,0.06792292802922623
132,QQQ__XLY,us_equity,XLY,4,1401.0520980329177,38708.27307247515,2014-01-28,2014-01-27,1779,2.2620712784400685,0.8263974438248697,1.5576933385099456,0.02258498535091428,0.010894768317101233,0.5402759315770638,779,0.005886181101838148,0.003886181101838148,899.4810694454002,821.1650422310046,78.3160272143957,2014-02-14,spread_break,13,0.023237437324089952,0.021214199886765865
127,SPY__XLF,us_equity,XLF,7,2819.20137474955,38025.732046817946,2013-11-20,2013-11-19,1734,2.434942750129829,0.7292063009513017,3.036745266578454,0.013153650445602178,0.007359318709820241,0.6517674245661398,758,0.004796564202060945,0.002796564202060945,812.8282894323182,735.9639970492506,76.86429238306822,2014-02-20,spread_break,61,0.021375743363245443,0.019354367619882212
129,SPY__XLP,us_equity,XLP,5,1257.4582167577921,38437.069972920035,2013-12-27,2013-12-26,1759,2.21409547264033,0.7872224384467439,2.2429765693128876,0.029773558356078172,0.014277663620567566,0.5904256369638646,757,0.008429898637529402,0.006429898637529402,14.906125673579282,-61.98292039793408,76.88904607151366,2014-03-27,time,61,0.0003878059821958608,-0.0016125818237863276
130,SPY__XLE,us_equity,XLE,6,1474.0171664600214,38981.69647118183,2014-01-13,2014-01-10,1769,2.054406073832517,0.642549719280691,2.8120209670339205,0.035479600037804086,0.016787834532053725,0.5689876103677132,766,0.009552069853641825,0.007552069853641825,1815.2980460899444,1735.5193551014904,79.7786909884536,2014-04-10,time,61,0.04656795907874219,0.04452139111966344
131,XLE__XLI,us_equity,XLE,6,1462.7283259488386,38683.153031979324,2014-01-13,2014-01-10,1769,-2.9693391792647366,0.8771216424537092,0.09780100035315416,0.026507545895829043,0.0174352370529293,0.5689876103677132,766,0.009920433866940852,0.007920433866940852,1801.395487429935,1722.2277858785462,79.16770155138857,2014-04-10,time,61,0.046567959078742185,0.04452139111966344
136,XLB__XLY,us_equity,XLY,4,1427.028782264061,39550.01037558827,2014-04-16,2014-04-15,1834,2.9926808297958702,0.8352377282713528,0.06812242808907522,0.024194622895173608,0.016430970153318014,0.7831828598510258,773,0.01286845419480245,0.01086845419480245,-124.19217925480758,-203.1680078267293,78.97582857192174,2014-05-08,spread_break,15,-0.0031401301308245323,-0.005136990000693707
133,QQQ__XLF,us_equity,XLF,7,2855.8741068235327,39233.66596386524,2014-02-19,2014-02-18,1794,2.1953095257635438,0.6886752481219199,2.483170191407145,0.04871103780503439,0.024451204129552307,0.5006363747663402,793,0.012241162194090834,0.010241162194090834,826.8824487493781,747.5882343728981,79.29421437647986,2014-05-16,time,61,0.021075839548385523,0.019054763708837134
134,EFA__EWJ,international_equity,EWJ,15,1076.7842813795419,39448.69274162806,2014-02-26,2014-02-25,1799,2.124641010270153,0.5299968994124864,1.8439377591332466,0.0377197512384542,0.020026529067710137,0.5071450443362959,797,0.010156354971945976,0.008156354971945976,-546.4800170097956,-624.8309224760412,78.35090546624633,2014-05-23,time,61,-0.013852930959943444,-0.015839078028983485
135,XLV__XLY,us_equity,XLY,4,1381.1261808071417,39702.19605148129,2014-04-02,2014-04-01,1824,2.1120761229440257,0.8041058952085071,1.114389947659354,0.028738376344405986,0.012839725883064628,0.7052437239631278,802,0.009055136096438259,0.0070551360964382585,536.8891995581527,456.947918255632,79.94128130252074,2014-06-30,time,61,0.013522909384205747,0.011509386474821541
139,IWM__XLK,us_equity,IWM,2,425.7125621121536,40133.841327318034,2014-05-22,2014-05-21,1859,-3.040357058686083,1.0585772269568892,1.6923336865193002,0.025848021517183566,0.015948686076575874,0.968470098410115,759,0.015445825574093467,0.013445825574093467,1947.3218712985104,1865.1068667725758,82.21500452593459,2014-07-14,spread_break,35,0.04852069492717659,0.04647217423224941
137,XLI__XLY,us_equity,XLY,4,1426.743376507608,39542.100373513145,2014-04-16,2014-04-15,1834,2.6356636228673347,0.8658496129281642,0.7903155340043546,0.026531172267734382,0.015183876313403738,0.7831828598510258,773,0.011891751674755788,0.009891751674755788,2405.9776205602498,2324.4874421926634,81.49017836758654,2014-07-15,time,61,0.060845974235902454,0.058785128261666555
140,XLK__XLY,us_equity,XLY,4,1421.1146471736338,40616.73318206839,2014-05-30,2014-05-29,1864,2.340921755675695,0.6899998794479384,0.40265563175779584,0.03214933816269937,0.017510183513628874,0.9817214995135795,763,0.017190123615757696,0.015190123615757696,917.6984012712363,835.547236505829,82.15116476540803,2014-07-28,spread_break,40,0.02259409680137409,0.020571502704572735
142,IWM__QQQ,us_equity,IWM,2,424.861987562479,41997.08495046747,2014-07-14,2014-07-11,1894,-2.739351998514532,1.0061735613346807,0.18019816567121957,0.03097464289764878,0.017287419646278605,1.0082892723066463,774,0.017430719775205876,0.015430719775205876,-965.6216524724953,-1048.6502007209579,83.02854824846244,2014-07-28,spread_break,10,-0.02299258754771614,-0.02496959496016843
138,EEM__FXI,international_equity,FXI,18,1536.556120569603,39428.49580832247,2014-05-08,2014-05-07,1849,2.1824501173808097,0.7357260890044177,1.0104310203418776,0.02768050709827702,0.013415444035691388,0.9220186860214857,769,0.012369290082182951,0.010369290082182951,7756.878709988293,7670.26483966166,86.61387032663323,2014-07-29,convergence,56,0.19673280836523796,0.19453607555687272
141,XLE__XLF,us_equity,XLF,7,2703.660454815359,40158.687478310094,2014-07-07,2014-07-03,1889,2.2640799395605153,0.6517643563734677,1.5957771086588335,0.03841025959872343,0.020511027547593878,1.0174312408783894,777,0.02086856020943927,0.01886856020943927,770.2772406883195,689.1895884910111,81.0876521973085,2014-09-15,convergence,49,0.019180837050621985,0.01716165621357137
144,XLE__XLI,us_equity,XLI,9,981.3805535724009,42293.03416353349,2014-07-28,2014-07-25,1904,2.330062828710785,0.707723708497259,0.6986401562942252,0.03392696552645062,0.018178724752713468,0.9564097681197669,766,0.017386309925455753,0.015386309925455753,355.59995514748255,270.6582868652681,84.94166828221447,2014-09-15,convergence,34,0.008408002929572101,0.00639959492664253
143,IWM__XLK,us_equity,IWM,2,429.83763667899626,41783.775123430416,2014-07-21,2014-07-18,1899,-2.9585333506357423,1.0440699161642926,1.7225549962435676,0.03635242308053702,0.021861689713537507,0.9793635126859995,769,0.021410541231101476,0.019410541231101475,-514.1739899998712,-597.2273662567321,83.05337625686096,2014-09-22,spread_break,44,-0.012305589633320282,-0.01429328404368696
146,IWM__QQQ,us_equity,IWM,2,436.48020427394874,41642.57318024624,2014-08-04,2014-08-01,1909,-2.834148928041366,1.0343581011555467,0.04820157054317927,0.03834849239960848,0.021999836797588615,0.9284442008461512,763,0.020425620894282914,0.018425620894282915,264.7946161121167,181.2446751355119,83.5499409766046,2014-09-22,spread_break,34,0.006358747692319021,0.004352388944626696
148,IWM__XLF,us_equity,IWM,2,439.1383781623384,42935.529363156296,2014-09-16,2014-09-15,1939,-2.3764446358727467,0.9152390023886076,2.147797448541826,0.023555961428354904,0.011539410332061857,0.9130312543849594,816,0.010535842290345198,0.008535842290345198,-2376.5342693369957,-2460.028793793971,83.4945244569756,2014-10-01,spread_break,11,-0.05535122786622354,-0.05729587663835731
147,IWM__XLV,us_equity,IWM,2,439.2262234070199,42944.11818679366,2014-09-16,2014-09-15,1939,-2.3825001709537452,0.8828804272172602,1.1716282144174142,0.038234872587605655,0.019113575440618532,0.9130312543849594,816,0.01745129176032949,0.015451291760329491,-2708.1718745028797,-2791.3519390019637,83.18006449908444,2014-10-07,spread_break,15,-0.06306269610015434,-0.06499963340405418
151,DBC__USO,commodities,DBC,33,2086.43375661785,40623.75920893813,2014-10-07,2014-10-06,1954,-3.2598769709078526,0.41919477964025376,0.7011475899822647,0.023071985007818742,0.022433791685856935,0.880121354461088,833,0.0197444591242543,0.0177444591242543,-1481.7202375465276,-1561.4860357268576,79.76579818032974,2014-10-16,spread_break,7,-0.036474227555497035,-0.03843775332794155
145,QQQ__XLY,us_equity,XLY,4,1375.0591875454659,40188.38442185985,2014-07-28,2014-07-25,1904,2.339565844411077,0.8768345479386915,1.437722236947542,0.035557960155655134,0.01742593908214063,0.9564097681197669,766,0.016666338356819303,0.014666338356819303,-726.838880086613,-806.4888100502463,79.6499299636331,2014-10-22,time,61,-0.018085794951519876,-0.020067709156568362
154,SPY__XLE,us_equity,XLE,6,1458.2470969792103,39382.70129493652,2014-10-28,2014-10-27,1969,3.409884309423384,0.5832907254339751,3.0793648395457147,0.026177438731629418,0.02405537940771476,0.827082871118595,849,0.01989579226637985,0.01789579226637985,785.7219642008795,706.1708396468056,79.55112455407394,2014-10-31,spread_break,3,0.019950941361706456,0.01793099042034475
155,QQQ__XLB,us_equity,XLB,10,2143.87459565127,40088.16666920906,2014-11-04,2014-11-03,1974,3.1728581820800783,0.7878253137211444,2.1172005355813357,0.03299792447812151,0.02466649614928888,0.850840396525028,860,0.020987251364544025,0.018987251364544024,918.746734667814,837.6516545947278,81.09508007308594,2014-12-01,spread_break,18,0.022918152936474534,0.02089523478353805
156,SPY__XLE,us_equity,XLE,6,1584.6874780322437,40924.98150896404,2014-12-03,2014-12-02,1994,3.4246341506230418,0.4416693491953486,3.567827635777548,0.03913684292672656,0.0396973645291687,0.9023757635087554,884,0.035821939626293986,0.033821939626293984,-2461.695906965284,-2541.0841740762467,79.3882671109628,2014-12-08,spread_break,3,-0.06015142380519058,-0.06209127238138539
149,IWM__QQQ,us_equity,IWM,2,441.45471164904035,41988.93027512784,2014-09-23,2014-09-22,1944,-2.576061778541212,1.0197677643141465,0.09072219433596472,0.04964566397663353,0.025514682250409086,0.9108584708177123,822,0.023240264458007448,0.021240264458007446,2880.1996483182543,2793.34158811968,86.85806019857392,2014-12-18,time,61,0.06859426114087841,0.06652566687973753
150,IWM__XLK,us_equity,IWM,2,441.3664207067106,41980.532489072815,2014-09-23,2014-09-22,1944,-2.3244601767426127,1.08515681622749,1.585412191175426,0.05560507789035932,0.024326527733097757,0.9108584708177123,822,0.022158023851274092,0.02015802385127409,2879.62360838859,2792.7829198020568,86.84068858653421,2014-12-18,time,61,0.0685942611408784,0.06652566687973753
152,IWM__XLF,us_equity,IWM,2,443.3709995388148,40615.63445709634,2014-10-07,2014-10-06,1954,-3.1446575119031293,0.9457336150620995,2.0618312955451574,0.030235082271317423,0.02054788919532973,0.880121354461088,833,0.018084636069909957,0.01608463606990996,4124.332617932849,4038.9770164007227,85.35560153212553,2015-01-05,time,61,0.10154544359732999,0.09944389815373264
158,EEM__FXI,international_equity,EEM,14,1381.8189979203362,42094.22735330007,2014-12-24,2014-12-23,2009,-2.565816310545579,0.6426128668626008,1.3204566760875711,0.040092503022166034,0.025210975861884703,0.74716960056989,899,0.01883687476470153,0.016836874764701533,-1280.7960445239462,-1363.7037031860225,82.90765866207619,2015-01-06,spread_break,7,-0.030426880953868734,-0.03239645407291487
157,XLB__XLE,us_equity,XLE,6,1614.2115807585196,38386.435880516234,2014-12-10,2014-12-09,1999,3.3717393130249294,0.5694915687959077,1.0237821802843954,0.03302061937410853,0.03020934061780586,0.8434267347596969,888,0.02547936551651948,0.023479365516519482,-733.9550546247862,-809.9939713311934,76.03891670640769,2015-01-13,spread_break,22,-0.019120166740911704,-0.02110104657417078
153,DBC__USO,commodities,DBC,33,2148.0064850047934,40478.75874428139,2014-10-21,2014-10-20,1964,-2.780878221545571,0.42026084179627776,0.6916639341415354,0.027528156835924886,0.022104521774655207,0.8358045279757276,843,0.018475059387994888,0.016475059387994886,-9043.705545406061,-9115.619357349216,71.91381194315672,2015-01-20,time,61,-0.2234185490355162,-0.22519513048648063
163,EEM__EWZ,international_equity,EWZ,17,1800.616617032938,37897.14336299291,2015-01-26,2015-01-23,2029,2.4810622020206536,0.3764393882655826,2.250369602960078,0.024601747973027856,0.017704227817258545,0.7020076840559988,915,0.012428503967993462,0.010428503967993462,-6297.1782743333415,-6366.675382784993,69.49710845165248,2015-03-17,spread_break,35,-0.16616498541899663,-0.1679988204335776
159,SPY__XLB,us_equity,XLB,10,2168.223891028999,42085.80850782942,2014-12-24,2014-12-23,2009,2.584620307258549,0.6843274294653283,3.047728392256041,0.025341690145253098,0.015682165169576937,0.74716960056989,899,0.011717237085823841,0.009717237085823841,-305.8163076282739,-389.6821083363044,83.86580070803056,2015-03-25,time,61,-0.0072664947751064695,-0.009259228280331362
160,EEM__FXI,international_equity,EEM,14,1331.5288932816616,40728.19284880095,2015-01-09,2015-01-08,2019,-2.626327053737303,0.6155006175526475,1.406704868668628,0.046195428092729154,0.03040128473034926,0.6950437930890909,911,0.021130224253763413,0.019130224253763414,3712.9452382148866,3627.77590727907,85.16933093581679,2015-04-09,time,61,0.09116400651506433,0.08907284250854927
161,TIP__TLT,rates,TIP,25,496.75260570205916,40720.04721023119,2015-01-09,2015-01-08,2019,-2.8875959492287313,0.34163384321344015,2.8989510310571815,0.016290301544224978,0.014495258216484317,0.6950437930890909,911,0.01007483925259107,0.00807483925259107,352.89476110337455,271.1017719218088,81.79298918156576,2015-04-09,time,61,0.008666364242689467,0.006657697878446777
165,EEM__EWZ,international_equity,EWZ,17,2176.0988912389657,39330.424061402555,2015-03-31,2015-03-30,2074,2.58119017317244,0.3551533059850381,2.3372770615006577,0.0298312968552604,0.022906855480468908,0.6812328551893017,858,0.015604902562368536,0.013604902562368536,3861.5827133937437,3779.0602825575447,82.52243083619885,2015-04-10,spread_break,7,0.09818309376387732,0.09608491067011345
162,EEM__INDA,international_equity,EEM,14,1312.028221671215,40356.54696165075,2015-01-16,2015-01-15,2024,-2.366893616995531,0.5801237635217603,1.5916807403598292,0.04496443714239065,0.026562419549286734,0.6995596562956418,916,0.018581997090279665,0.016581997090279667,4057.1028320741125,3972.332635318737,84.77019675537562,2015-04-16,time,61,0.10053146608230429,0.098430934616222
164,XLB__XLY,us_equity,XLB,10,1619.797303039178,31536.828295275634,2015-03-17,2015-03-16,2064,-2.638062199870526,0.818760270809111,0.1760323576037372,0.02895521953065477,0.017019301928094338,0.6762710645366806,874,0.01150966143258354,0.00950966143258354,756.125587746625,692.2958055683268,63.82978217829789,2015-06-12,time,61,0.02397595537087971,0.02195197941550882
168,IWM__XLI,us_equity,XLI,9,895.8887905754043,41443.13043939467,2015-04-15,2015-04-14,2084,2.714209776811292,0.8694903737228759,1.3034987959939695,0.02043814603825241,0.012103390157521009,0.6639459261665153,835,0.008035996587889971,0.006035996587889971,-191.58071068602007,-274.27539085412343,82.69468016810333,2015-06-22,spread_break,47,-0.004622737439349148,-0.006618114701909801
166,EEM__EWZ,international_equity,EWZ,17,2041.9955097982984,41459.71266607259,2015-04-15,2015-04-14,2084,2.9624785575692707,0.3644875965531734,2.312831438686227,0.03506866821331754,0.031644055884402555,0.6639459261665153,835,0.021009941991834622,0.019009941991834624,-4197.917736700765,-4276.63924429621,78.72150759544442,2015-07-09,convergence,59,-0.10125293849747335,-0.10315168555897589
167,EFA__EWU,international_equity,EWU,16,1704.2329446434594,41451.420723539384,2015-04-15,2015-04-14,2084,2.7658247082521177,0.7998087604720482,1.2613179497571387,0.016215024984666485,0.010206752256708258,0.6639459261665153,835,0.006776731580232335,0.004776731580232335,-157.95152138922742,-240.69641131491687,82.74488992568955,2015-07-13,time,61,-0.0038105212953419977,-0.005806710774046654
169,XLF__XLV,us_equity,XLF,7,2606.6487641235467,41513.33067141484,2015-04-22,2015-04-21,2089,-2.1409620061130004,0.6770725848548802,0.023501884054639773,0.020647783354077243,0.010101598553477364,0.560502468584277,823,0.005661970925871424,0.0036619709258714243,2139.1515425763487,2053.9857296909427,85.16581288540604,2015-07-20,time,61,0.05152926802014758,0.04947773875212744
170,XLI__XLY,us_equity,XLI,9,902.3958304786275,41500.772674324675,2015-06-18,2015-06-17,2129,-2.0626455704879336,0.862286042020155,0.8362519498791445,0.028533566819260982,0.011971268321372375,0.770589984504761,786,0.009224939470268674,0.007224939470268674,-1402.3411034885094,-1483.9403077336701,81.59920424516085,2015-07-22,spread_break,23,-0.03379072275336447,-0.03575693203061111
172,XLB__XLY,us_equity,XLB,10,1954.1300432985993,37187.3457886538,2015-07-10,2015-07-09,2144,-2.5046566388686187,0.8411304403693982,0.0710903912715352,0.04018733566232068,0.02187835458788816,0.6674697051877737,758,0.014603138886771286,0.012603138886771286,-2042.5543084872215,-2114.8864457560417,72.33213726882039,2015-07-24,spread_break,10,-0.05492605791485187,-0.05687113185693701
171,IWM__XLI,us_equity,XLI,9,911.8279128430245,41169.129049930016,2015-06-25,2015-06-24,2134,2.822528413845412,0.8552091563591154,1.3683421938310079,0.027054747503342982,0.016934861384913347,0.750530798556442,782,0.012710135038661667,0.010710135038661667,-3241.3085024509837,-3320.405452048393,79.09694959740904,2015-09-22,time,61,-0.07873152960121933,-0.08065279807161811
173,QQQ__XLB,us_equity,XLB,10,2144.1594769285794,40769.43668111735,2015-07-17,2015-07-16,2149,2.8498921674301174,0.7006568827751407,2.4701291940582446,0.041249158318973224,0.028498127702475593,0.6573533376038323,747,0.018733339360682565,0.016733339360682567,-6147.159235863484,-6222.550949989855,75.39171412637123,2015-09-24,spread_break,48,-0.15077861595057515,-0.15262783733462457
175,XLI__XLY,us_equity,XLI,9,908.4515364387865,39472.11252186344,2015-07-24,2015-07-23,2154,-3.25377658726906,0.8675278530649599,0.8068565965597683,0.036050750773585605,0.026579446531638636,0.6809728770697311,742,0.01809988217557105,0.016099882175571047,-2179.855355658716,-2256.6197253467835,76.76436968806817,2015-09-24,spread_break,43,-0.055225201196193965,-0.05716997599499776
174,XLI__XLV,us_equity,XLI,9,908.6332630914046,39480.00852356815,2015-07-24,2015-07-23,2154,-2.8683823509890636,0.7074056929786207,0.9417034799969741,0.03167485995389748,0.021968469354810918,0.6809728770697311,742,0.01495993178136381,0.01295993178136381,573.4763083590428,493.94281500354816,79.53349335549534,2015-10-09,convergence,54,0.014525739223604728,0.01251121348438114
176,QQQ__XLI,us_equity,XLI,9,908.2698461314985,39464.21809935906,2015-07-24,2015-07-23,2154,3.308505543937228,0.8383271895746679,1.3663916155377756,0.030482304760745024,0.023284680332760568,0.6809728770697311,742,0.015856235757848947,0.013856235757848947,265.7204858380013,186.52632915344552,79.19415668455612,2015-10-20,time,61,0.006733200317538203,0.004726467117220673
180,IWM__XLY,us_equity,IWM,2,399.0935262173237,40093.29456976333,2015-10-19,2015-10-16,2214,-2.42015311744021,0.865691419433294,1.6166331260724234,0.0345273316690742,0.017767612277866118,0.12782649286640332,810,0.002271171564089673,0.00027117156408967315,-1015.853670085235,-1095.0244055546764,79.17073546944144,2015-12-15,spread_break,40,-0.02533724606536448,-0.02731190881929911
177,XLB__XLY,us_equity,XLB,10,2351.004486029887,36736.14460040482,2015-09-28,2015-09-25,2199,-2.722947044859998,0.9092063660393187,-0.21314564385215828,0.07189600020260697,0.04185534995862977,0.1253533050274042,796,0.005246706450392867,0.0032467064503928673,5273.419722726998,5194.674013803461,78.74570892353664,2015-12-23,time,61,0.14354853455876496,0.14140498602420618
178,XLB__XLF,us_equity,XLB,10,2350.5342851326814,36728.79737148474,2015-09-28,2015-09-25,2199,-2.9270367167359614,0.860539507919984,0.5736744033374256,0.048056311189632425,0.0313442502111982,0.1253533050274042,796,0.003929105357579606,0.001929105357579606,5272.365038782452,5193.6350790007,78.72995978175193,2015-12-23,time,61,0.14354853455876493,0.14140498602420618
179,XLB__XLI,us_equity,XLB,10,2350.064178275655,36721.451612010445,2015-09-28,2015-09-25,2199,-3.2706073878570194,0.9575754447531263,-0.6918188992206666,0.03037971207668036,0.0214985979074831,0.1253533050274042,796,0.0026949203011582424,0.0006949203011582424,5271.310565774694,5192.596351984899,78.7142137897956,2015-12-23,time,61,0.14354853455876487,0.14140498602420615
185,XLF__XLP,us_equity,XLF,7,2701.7404546386983,40405.66971814846,2016-01-07,2016-01-06,2269,-3.2160531656681073,1.0185339720128355,-0.8904541997357431,0.026520562418294046,0.017842468472224496,0.3113795474095521,849,0.005555779757550466,0.003555779757550466,-575.9430349592145,-656.1784313605523,80.23539640133771,2016-01-11,spread_break,2,-0.014254015314601408,-0.016239761299286806
182,IWM__QQQ,us_equity,IWM,2,398.2961365545518,38999.36409468374,2015-12-15,2015-12-14,2254,-2.513145154234245,0.7661748247946747,1.1192355069956559,0.036599384691086034,0.02085860156776396,0.3107690924957577,851,0.006482208679944593,0.004482208679944593,-3632.5803709068,-3706.946518725261,74.36614781846069,2016-01-14,spread_break,20,-0.09314460518093373,-0.0950514605757528
183,IWM__XLK,us_equity,IWM,2,438.4242358001988,40421.836836009395,2016-01-07,2016-01-06,2269,-2.399597779722501,0.7589068344710246,2.4224980536368794,0.038164556947906395,0.02060862639837853,0.3113795474095521,849,0.006417104760659654,0.004417104760659654,-2482.6066704395353,-2560.967737441115,78.36106700157926,2016-01-20,spread_break,8,-0.061417463053730637,-0.06335604559067692
181,XLV__XLY,us_equity,XLV,8,684.1181464689766,39650.558088523336,2015-10-26,2015-10-23,2219,-3.26356839965746,0.8856676552476727,0.9878446719174646,0.028456405399043413,0.02085235500269245,0.253886807730505,820,0.005294137845296812,0.0032941378452968116,-1193.6419011721014,-1271.7493754479763,78.10747427587458,2016-01-25,time,61,-0.03010403784247353,-0.03207393380463106
184,XLI__XLP,us_equity,XLI,9,968.4205667892423,40413.7524686422,2016-01-07,2016-01-06,2269,-2.6229739328277955,0.9710111796321401,0.3143282193951795,0.03513154816036167,0.018920075577210066,0.3113795474095521,849,0.005891324570186191,0.0038913245701861906,-1029.8630215730204,-1109.6606634887316,79.79764191571137,2016-01-26,spread_break,12,-0.025482984347274133,-0.027457501362926854
188,IWM__XLK,us_equity,IWM,2,435.7957393544274,38544.476036856024,2016-01-22,2016-01-21,2279,-2.867760405634758,0.7587593434720618,2.418182277432057,0.04457059918279801,0.03000197280888601,0.19535213365315443,859,0.0058609494020198044,0.0038609494020198044,-1817.5201243220545,-1892.7915562714443,75.27143194939,2016-02-12,spread_break,15,-0.04715384177447766,-0.049106687932703175
186,IWM__XLY,us_equity,IWM,2,444.1883412830249,39441.7910619837,2016-01-14,2016-01-13,2274,-2.3185566958810315,0.8635252937212338,1.5941950071444677,0.050005910138861936,0.024399610518583095,0.2515594021584477,856,0.006137951434953735,0.004137951434953735,4215.566687613862,4132.467538802281,83.09914881158127,2016-04-13,time,61,0.10688071140047875,0.10477383068907827
187,IWM__XLF,us_equity,IWM,2,444.0995036147683,39433.9027037713,2016-01-14,2016-01-13,2274,-2.820415782718018,0.8061079620842465,2.4072279983070155,0.029020606248256472,0.018642261198159305,0.2515594021584477,856,0.004689636081890582,0.0026896360818905816,4214.72357427634,4131.641045294521,83.08252898181894,2016-04-13,time,61,0.10688071140047876,0.10477383068907829
190,XLI__XLP,us_equity,XLI,9,923.2175416898017,38343.27306434427,2016-01-29,2016-01-28,2284,-2.6908982616653065,0.9801273426859837,0.27448296303608605,0.043352195933627685,0.02398336931743006,0.18623469316835992,854,0.004466535425975045,0.002466535425975045,5146.2482273750875,5064.415433019025,81.83279435606363,2016-04-22,convergence,58,0.13421515212692228,0.1320809369747954
189,IWM__QQQ,us_equity,IWM,2,437.94358289908797,39342.006484892474,2016-01-29,2016-01-28,2284,-2.139918276744877,0.7783841141374435,1.0485063899553684,0.05027631255282839,0.023180887409891986,0.18623469316835992,854,0.0043170854541515315,0.0023170854541515315,4659.729478479873,4576.385736031609,83.34374244826483,2016-04-27,time,61,0.11844158178025904,0.11632314019847878
193,QQQ__XLY,us_equity,QQQ,1,425.6005368976285,42911.07542164136,2016-04-26,2016-04-25,2344,-2.5237410041989095,1.0461643819087791,0.9083834700373535,0.014258692113792165,0.007051217427118536,0.5408009365013408,923,0.003813304988060279,0.001813304988060279,-684.5222502476659,-769.6598788407008,85.13762859303506,2016-05-02,spread_break,4,-0.015952111279467968,-0.017936159168188498
191,XLF__XLP,us_equity,XLF,7,2608.8994912035696,36653.575381240196,2016-02-29,2016-02-26,2304,-2.6567013683488696,1.0868820815220477,-1.1556901828414956,0.061160192994000835,0.03160319240999937,0.0964597308549073,878,0.0030484354340243884,0.0010484354340243884,4875.989498878016,4797.806358616657,78.1831402613584,2016-05-25,time,61,0.1330290278141219,0.13089599878630778
197,DBC__USO,commodities,USO,35,443.8169700074299,44133.16058107635,2016-06-08,2016-06-07,2374,3.094889199160646,0.3787511858630127,0.7586959518113604,0.024978105947235263,0.02350511753047039,0.42345909158128875,885,0.009953455716964417,0.007953455716964417,-3053.4629207261532,-3138.67577896758,85.21285824142655,2016-06-30,spread_break,16,-0.06918749712286487,-0.071118309625742
192,EEM__FXI,international_equity,FXI,18,1569.7810761472492,43002.8089398572,2016-04-19,2016-04-18,2339,2.443585084364526,0.6614951453063261,1.0830836782990174,0.02574410150099917,0.015057477546370863,0.5179688410202246,923,0.007799304193381771,0.005799304193381771,735.9396736366531,649.1981160833027,86.74155755335104,2016-07-15,time,61,0.01711375818881791,0.015096644430629106
194,QQQ__XLI,us_equity,QQQ,1,429.99122622769363,42266.42967202953,2016-05-03,2016-05-02,2349,-2.3474501384361304,0.9678057464601986,0.9378472738757286,0.0302523263264474,0.014201011598921225,0.5349858001838529,919,0.007597339553669047,0.005597339553669047,3920.392647190548,3831.9393951992984,88.45325199124962,2016-07-29,time,61,0.09275428934052901,0.09066153505118849
195,XLI__XLK,us_equity,XLK,11,2246.2440688903243,42257.97638609513,2016-05-03,2016-05-02,2349,2.2685842944170886,0.7582712619808539,1.5675445785892204,0.02301874897193121,0.011576882017346635,0.5349858001838529,919,0.0061934674896842465,0.0041934674896842465,4649.030469073974,4559.86548583271,89.16498324126422,2016-07-29,time,61,0.11001545428009953,0.10790543882581943
196,QQQ__SPY,us_equity,QQQ,1,429.8192469368517,42249.524790817915,2016-05-03,2016-05-02,2349,-2.332090559194661,1.1262248800228856,-1.1796943565571654,0.019002373069094358,0.008186826480416297,0.5349858001838529,919,0.004379835915591868,0.0023798359155918682,3918.8246469473784,3830.4067727187953,88.41787422858322,2016-07-29,time,61,0.09275428934052901,0.09066153505118849
199,EEM__EWU,international_equity,EWU,16,2062.6827150967683,43651.358506373996,2016-07-21,2016-07-20,2404,2.565452446229412,0.8024412991356853,0.8103082204254289,0.037703027867700176,0.021602315475388694,0.4415954968912432,849,0.009539485236355663,0.007539485236355663,761.3727755668392,673.3086857785244,88.06408978831483,2016-08-12,spread_break,16,0.01744213242425578,0.015424690291831524
202,XLK__XLY,us_equity,XLY,4,1219.633709426148,44265.90537039956,2016-08-04,2016-08-03,2414,2.8304786999825913,0.9565546626641791,-0.4503928434500535,0.020103037946409042,0.011972500087284623,0.38327207116695156,828,0.004588724905500085,0.002588724905500085,169.98961197396522,81.28781162119229,88.70180035277309,2016-09-06,spread_break,22,0.0038401928199945194,0.0018363526271745283
198,DBC__USO,commodities,USO,35,487.6780839551666,42213.413756538896,2016-07-07,2016-07-06,2394,2.1328669837460486,0.38169362878338736,0.7497746355152013,0.03260270307484364,0.01926471843062031,0.4323298575348881,867,0.008328712974559812,0.0063287129745598115,1092.4015869552993,1006.8823578552662,85.5192291000331,2016-10-03,time,61,0.025878067887510882,0.02385218981962337
201,IWM__XLF,us_equity,XLF,7,2792.383035316916,44274.760322464055,2016-08-04,2016-08-03,2414,2.1148414878614137,0.8145104177552568,2.357166887638175,0.026554433985015793,0.011816190545416987,0.38327207116695156,828,0.00452881582364532,0.0025288158236453197,1659.0639410042227,1568.8553564182905,90.20858458593233,2016-10-28,convergence,60,0.037472002760056716,0.03543453075729666
200,EEM__EFA,international_equity,EFA,13,1034.032476117992,44283.61704587323,2016-08-04,2016-08-03,2414,2.1836356258553495,1.0429263059250087,-0.6315865257591349,0.03803406236981627,0.015672494454672125,0.38327207116695156,828,0.006006829409994748,0.004006829409994748,246.4497187628783,157.6360349523691,88.81368381050933,2016-10-31,time,61,0.005565257203529286,0.0035596919463257606
205,XLK__XLV,us_equity,XLV,8,751.4822699492328,45686.68716010019,2016-10-07,2016-10-06,2459,2.3120298902823957,0.7469077257458309,-0.0769736209925249,0.03328283898226638,0.01726178726571664,0.44014009205029725,772,0.007597604636085171,0.005597604636085171,-2866.96116139968,-2955.467574558481,88.50641315880071,2016-10-31,spread_break,16,-0.06275266033960762,-0.06468990767926802
203,EEM__EWU,international_equity,EWU,16,2103.224877830467,46004.49395150219,2016-08-18,2016-08-17,2424,2.4531827274012405,0.7932341291061633,0.8478443034714799,0.04819284899048858,0.026245719592510038,0.35681156859168456,818,0.009364776376621016,0.007364776376621016,-2932.7961924248757,-3021.872384135455,89.07619171057951,2016-11-14,time,61,-0.0637502109145385,-0.06568646070362397
204,IWM__XLY,us_equity,XLY,4,1281.0743270439664,45176.77259901288,2016-09-09,2016-09-08,2439,2.2055817347815583,0.9709606068153183,1.1401110803321055,0.03192649819715586,0.013813886485684523,0.41030110358186395,802,0.005667852869830956,0.0036678528698309556,1103.1858894725267,1011.7291583850283,91.4567310874983,2016-11-15,spread_break,47,0.02441931607785173,0.022394896761773874
209,IWM__XLV,us_equity,XLV,8,776.7707305546114,45798.238589360044,2016-11-18,2016-11-17,2489,3.204569811635079,0.8838885271376166,0.9974422582598523,0.046510337375503856,0.033385853935284766,0.38254846032398404,747,0.012771707019544611,0.010771707019544611,-321.975355461365,-413.2498572846237,91.27450182325873,2016-11-23,spread_break,3,-0.007030299971758457,-0.009023269671786698
210,XLF__XLK,us_equity,XLK,11,2101.665004819197,44932.73418855415,2016-11-18,2016-11-17,2489,3.0585285658079213,0.8753300839688583,0.13273236311074088,0.03304018310599281,0.022538499493727174,0.38254846032398404,747,0.008622068279338225,0.0066220682793382245,-635.6609849437702,-724.8907923359347,89.22980739216453,2016-12-02,spread_break,9,-0.014146946461711073,-0.01613279951524936
208,SPY__XLV,us_equity,XLV,8,782.8040059636788,44021.7482101902,2016-11-04,2016-11-03,2479,2.171266046654753,0.7405771073932905,2.142809511263381,0.025488604150522114,0.012236814592255169,0.28113468357056376,756,0.003440192998305314,0.0014401929983053141,1324.356121203917,1234.988268662332,89.36785254158431,2016-12-06,spread_break,21,0.030084132844532367,0.02805404871168782
211,IWM__XLV,us_equity,XLV,8,778.0289599107016,45385.401569095695,2016-11-28,2016-11-25,2494,3.2116052623536726,0.8747286067502953,1.0376735567484328,0.0515856536680181,0.03730671454110457,0.42228749807033217,749,0.015754159144787127,0.013754159144787127,-704.2191370499104,-794.2857210510518,90.06658400114148,2016-12-07,spread_break,7,-0.01551642406375522,-0.017500907639691466
214,XLF__XLY,us_equity,XLY,4,1182.4835601751945,44623.62511705416,2016-12-12,2016-12-09,2504,3.377947611124375,0.9760275832935302,-0.7214505820097855,0.04494790602712357,0.03273175938166741,0.4862288715630136,739,0.015915126428420228,0.013915126428420228,-229.72687817612578,-318.74440153205796,89.0175233559322,2016-12-16,spread_break,4,-0.0051480998590661175,-0.007142951759207051
206,QQQ__XLV,us_equity,XLV,8,777.6882965227134,44589.26506550139,2016-10-28,2016-10-27,2474,3.003384522172231,0.8709468462222746,1.0764959910508691,0.03076295426824953,0.020580890292775007,0.30678260014292613,761,0.0063138590372738244,0.004313859037273824,962.0623426217662,871.9217501481417,90.14059247362455,2016-12-30,train_end,43,0.02157609777170585,0.019554521673934146
207,XLK__XLV,us_equity,XLV,8,782.9605980832954,44030.554321054406,2016-11-04,2016-11-03,2479,2.28147108200828,0.7529736652262922,-0.09243529614987499,0.041854957067705846,0.02126768848098771,0.28113468357056376,756,0.005979084871379804,0.003979084871379804,1829.5861882228542,1739.6954933925226,89.89069483033167,2016-12-30,train_end,38,0.04155264943707483,0.03951109678763776
212,FXI__INDA,international_equity,INDA,19,1841.9926141066646,44208.56756284391,2016-12-05,2016-12-02,2499,2.3491454868497144,0.8652288242028029,0.5247603509141856,0.04354545424654427,0.021584987093268043,0.4555693264244392,744,0.009833458030960337,0.007833458030960336,189.32941433256892,100.72294979254877,88.6064645400204,2016-12-30,train_end,18,0.004282640781414847,0.002278358140633438
213,IWM__XLV,us_equity,XLV,8,772.7930365892393,45223.7869475577,2016-12-12,2016-12-09,2504,3.057579564014594,0.8853933253411512,1.0006691577097593,0.06216638746422588,0.042165069752314904,0.4862288715630136,739,0.020501874285043832,0.01850187428504383,40.81171721855702,-49.676668393776886,90.48838561233397,2016-12-30,train_end,13,0.0009024391802014061,-0.0010984632589787942
215,XLF__XLY,us_equity,XLY,4,1176.9895415539618,44305.19914149766,2016-12-19,2016-12-16,2509,3.012556417050751,0.969405459251042,-0.6950190186777837,0.04979259292599,0.031762555112792676,0.48026477685776525,737,0.015254436443677846,0.013254436443677846,-806.9039514139304,-894.7074457455116,87.80349433158139,2016-12-30,train_end,8,-0.018212398703748484,-0.020194186305044732
