variant,year,controlled_return,average_exposure,average_multiplier,overlay_cost
D0,2008,0.0,0.0,1.0,0.0
D0,2009,0.26760451834199306,0.5252491568704819,1.0,0.0
D0,2010,0.1770906292021055,0.8997622701269777,1.0,0.0
D0,2011,-0.029273671658481937,0.9212486020745844,1.0,0.0
D0,2012,0.13013556420414174,0.9334915801972952,1.0,0.0
D0,2013,0.2027231778646721,0.9312632198199253,1.0,0.0
D0,2014,0.06142060021206319,0.9323205068555142,1.0,0.0
D0,2015,-0.01312055430015191,0.9202852248704729,1.0,0.0
D0,2016,0.0878856980672107,0.8924084633410231,1.0,0.0
D1,2008,0.0,0.0,1.0,0.0
D1,2009,0.26760451834199306,0.5252491568704819,1.0,0.0
D1,2010,0.1770906292021055,0.8997622701269777,1.0,0.0
D1,2011,-0.06626997245810329,0.7948749112375383,0.8650793650793651,796.4470183207627
D1,2012,0.13013556420414174,0.9334915801972952,1.0,0.0
D1,2013,0.2027231778646721,0.9312632198199253,1.0,0.0
D1,2014,0.06142060021206319,0.9323205068555142,1.0,0.0
D1,2015,-0.01312055430015191,0.9202852248704729,1.0,0.0
D1,2016,0.0878856980672107,0.8924084633410231,1.0,0.0
D2,2008,0.0,0.0,1.0,0.0
D2,2009,0.26760451834199306,0.5252491568704819,1.0,0.0
D2,2010,0.14702593865379865,0.888758355478643,0.9880952380952381,165.01209551596799
D2,2011,-0.10426707859279116,0.7520290407544196,0.814484126984127,812.3446221630462
D2,2012,0.09245497398966251,0.9227943001224955,0.988,384.20609287995126
D2,2013,0.2027231778646721,0.9312632198199253,1.0,0.0
D2,2014,0.06142060021206319,0.9323205068555142,1.0,0.0
D2,2015,-0.056874793328648754,0.8807185485983153,0.9583333333333334,401.0113758056352
D2,2016,0.07401887093414228,0.8675242759158345,0.9712301587301587,385.86880671718677
D3,2008,0.0,0.0,1.0,0.0
D3,2009,0.2384741548634577,0.4757020910027524,0.9185325913318331,624.0879108807727
D3,2010,0.10964334957115862,0.7644721446044449,0.8492611653479737,848.5101829267545
D3,2011,-0.0958528705078252,0.6134986815398896,0.6638935852528179,1213.5281824035617
D3,2012,0.04413670145397308,0.7445808791137829,0.7990984038709458,790.8351936720758
D3,2013,0.17513618440385414,0.8811743105845008,0.94499874511633,630.6051943767981
D3,2014,0.03563259234305827,0.8596320581146021,0.9211449401958257,743.9717088426925
D3,2015,-0.0703133035994381,0.6683292950969192,0.7271200435702511,996.7993401840504
D3,2016,0.04294712800209877,0.7605230145899319,0.8528662806835899,831.9154949650409
