decision_date,old_multiplier,new_multiplier,shadow_drawdown,shadow_nav,event
2011-08-10,1.0,0.0,-0.20295973121813704,130306.6194834088,de_risk
2011-08-11,0.0,0.5,-0.16261898904874228,136901.8518015695,re_entry
2011-08-18,0.5,0.0,-0.19870708394595415,131001.87681430927,de_risk
2011-08-29,0.0,0.5,-0.15581655337489786,138013.96925865446,re_entry
2011-09-02,0.5,0.0,-0.19071709533314785,132308.1450753056,de_risk
2011-09-07,0.0,0.5,-0.1703838082333462,135632.3960683077,re_entry
2011-09-08,0.5,0.0,-0.18369258595963056,133456.5689452708,de_risk
2011-09-15,0.0,0.5,-0.16794793936621388,136030.63170333527,re_entry
2011-09-19,0.5,0.0,-0.1800096739692023,134058.68132293154,de_risk
2011-09-27,0.0,0.5,-0.20238913055456975,130399.9059162989,re_entry
2011-09-28,0.5,0.0,-0.2249059219501267,126718.67789898383,de_risk
2011-10-05,0.0,0.5,-0.22497687164340086,126707.07846662634,re_entry
2011-10-10,0.5,1.0,-0.19159306001580456,132164.93525134237,re_entry
