date,shadow_nav,shadow_drawdown,decision_multiplier,executed_multiplier,controlled_long_exposure,overlay_turnover,overlay_cost,event
2010-06-07,118387.189965572,-0.11822606204607544,0.75,0.75,0.4407193754183414,0.14690645847278047,17.552088821355056,de_risk_execution
2010-06-11,123814.86995611846,-0.07779950271470126,1.0,1.0,0.991526811876306,0.2478817029690765,30.208935378356866,re_entry_execution
2010-06-30,117628.08074593078,-0.12388007517143829,0.75,0.75,0.7433108658302757,0.2477702886100919,29.014407944112182,de_risk_execution
2010-07-09,122796.32209640412,-0.08538587213115612,1.0,1.0,0.9914565300675268,0.2478641325168817,29.440567051288895,re_entry_execution
2010-07-19,120408.55733932403,-0.10317047140554048,0.75,0.75,0.7434653314380362,0.24782177714601206,29.200454872586608,de_risk_execution
2010-07-21,121782.14680875538,-0.09293967366513667,1.0,1.0,0.99138538190416,0.24784634547604,29.595641448268378,re_entry_execution
2011-08-05,141147.5957088146,-0.13664925030158315,0.75,0.75,0.5856290090620382,0.19520966968734607,27.203559863564063,de_risk_execution
2011-08-09,138240.61929175147,-0.1544302139547269,0.5,0.5,0.495832790949064,0.247916395474532,32.77629869695451,de_risk_execution
2011-08-11,136901.8518015695,-0.16261898904874228,0.5,0.25,0.19774057043489857,0.19774057043489857,26.013880492401704,de_risk_execution
2011-08-12,137237.12848968076,-0.1605682181618302,0.5,0.5,0.3957364853040621,0.19786824265203104,26.685649850729074,re_entry_execution
2011-08-16,138105.78813370693,-0.15525492925218476,0.5,0.75,0.7447684610492524,0.24825615368308415,33.848745540063234,re_entry_execution
2011-08-17,138266.97139755916,-0.15426902728915926,0.5,0.5,0.4965163731070778,0.2482581865535389,33.593897287450886,de_risk_execution
2011-08-22,128113.2134007048,-0.21637603332647892,0.25,0.25,0.1467344518481278,0.1467344518481278,19.17165083615621,de_risk_execution
2011-08-25,130879.90674745152,-0.1994531324219031,0.5,0.5,0.5,0.25,32.90294080356842,re_entry_execution
2011-09-01,136901.5472192969,-0.16262085207256538,0.5,0.75,0.75,0.25,33.80983558018952,re_entry_execution
2011-09-02,132308.1450753056,-0.19071709533314785,0.5,0.5,0.5,0.25,33.506809705599714,de_risk_execution
2011-09-12,130404.14303983236,-0.20236321354365083,0.25,0.25,0.19917751771122164,0.19917751771122164,25.763982711683028,de_risk_execution
2011-09-14,133302.59641958523,-0.1846343823452935,0.5,0.5,0.5,0.25,32.50411595192448,re_entry_execution
2011-09-22,123776.55003895696,-0.24290189475368018,0.25,0.25,0.25,0.25,31.91567512600513,de_risk_execution
2011-10-04,124646.632088711,-0.2375799054829315,0.25,0.0,0.0,0.25,31.189433218929576,de_risk_execution
2011-10-05,126707.07846662634,-0.22497687164340086,0.25,0.25,0.25,0.25,31.478478604418935,re_entry_execution
2011-10-11,132429.16270873346,-0.18997687256121898,0.5,0.5,0.4037233805020136,0.2018616902510068,25.68452170220457,re_entry_execution
2011-10-25,137695.57059710863,-0.15776408724374003,0.5,0.75,0.75,0.25,32.863824272176025,re_entry_execution
2011-10-26,139617.3735213355,-0.1460090871881473,0.75,0.5,0.5,0.25,32.45112356987997,de_risk_execution
2011-10-27,146452.4207107225,-0.10420148086267311,0.75,0.75,0.75,0.25,32.78269853584422,re_entry_execution
2011-11-02,140302.64101942466,-0.14181754424865767,0.75,0.5,0.5,0.25,31.971481777931857,de_risk_execution
2011-11-03,143262.15353181298,-0.12371523557325226,0.75,0.75,0.75,0.25,32.514104644472425,re_entry_execution
2011-11-10,139548.3993278183,-0.14643097833963226,0.75,0.5,0.5,0.25,31.99551270244971,de_risk_execution
2011-11-11,142792.50216156527,-0.1265879296532615,0.75,0.75,0.75,0.25,32.20769607167485,re_entry_execution
2011-11-18,136724.11370046574,-0.16370615119321452,0.5,0.5,0.19447814708717295,0.09723907354358648,12.249497778704836,de_risk_execution
2011-12-01,142595.75451471002,-0.1277913665772903,0.75,0.75,0.7424733314841012,0.2474911104947004,31.973451398888894,re_entry_execution
2011-12-20,142993.14982953307,-0.12536063765657302,0.75,0.5,0.4964804516041524,0.2482402258020762,31.24061693327718,de_risk_execution
2011-12-21,143320.49732229015,-0.12335836689974944,0.75,0.75,0.7447327355071062,0.2482442451690354,32.0451385059032,re_entry_execution
2012-01-04,148077.56577113798,-0.09426103377795703,1.0,1.0,0.9932025988072012,0.2483006497018003,32.93714663344559,re_entry_execution
2012-05-18,146258.37878594952,-0.1157605820092944,0.75,0.75,0.7386600128870862,0.2462200042956954,32.37317352670588,de_risk_execution
2012-05-22,149321.60938612142,-0.09724110117304485,1.0,1.0,0.9851901932800672,0.2462975483200168,32.83644730279493,re_entry_execution
2012-06-04,145850.6943075281,-0.11822533438051275,0.75,0.75,0.5872606658693466,0.1957535552897822,25.390396701736655,de_risk_execution
2012-06-07,149987.9941625984,-0.09321231532295537,1.0,1.0,0.788999601764842,0.1972499004412105,26.12694022102357,re_entry_execution
2012-06-12,149603.5844664084,-0.09553635452570408,1.0,0.75,0.5938213120948077,0.1979404373649359,25.830581404834575,de_risk_execution
2012-06-13,148455.8668541259,-0.10247515120816719,0.75,1.0,0.7901518521026336,0.1975379630256584,26.077532092550168,re_entry_execution
2012-06-14,149611.08708755326,-0.09549099566551711,1.0,0.75,0.5938291440646776,0.19794304802155918,25.975494175245633,de_risk_execution
2012-06-15,151248.84851017475,-0.08558952390596841,1.0,1.0,0.994266984342009,0.24856674608550225,32.86606391290756,re_entry_execution
2012-06-26,147669.5646506652,-0.1072289260587036,0.75,0.75,0.7455960186236756,0.2485320062078919,32.18912206547211,de_risk_execution
2012-06-28,149576.19880917974,-0.09570192095553998,1.0,1.0,0.7995359239183749,0.19988398097959373,26.238839219576615,re_entry_execution
2012-07-25,148253.85804133856,-0.10369644298324887,0.75,0.75,0.75,0.25,32.49520036367297,de_risk_execution
2012-07-27,154033.79600064328,-0.06875246904082077,1.0,1.0,1.0,0.25,32.86915525998503,re_entry_execution
2015-03-11,194100.9452053035,-0.10748731978445114,0.75,0.75,0.75,0.25,42.010722295693014,de_risk_execution
2015-03-19,195741.8535792635,-0.09994211422513699,1.0,1.0,1.0,0.25,42.87766677401076,re_entry_execution
2015-03-27,195191.9660095939,-0.1024706007716808,0.75,0.75,0.5896262930490587,0.19654209768301956,33.22169555262207,de_risk_execution
2015-03-31,196612.78988295136,-0.09593738517098793,1.0,1.0,0.9879536945488288,0.2469884236372072,42.089875328876914,re_entry_execution
2015-08-24,184347.669970661,-0.15233471509900454,0.5,0.75,0.7472171182402851,0.2490723727467617,41.22924115719044,de_risk_execution
2015-08-25,181849.8432665096,-0.1638201924318332,0.5,0.5,0.4981192623577338,0.2490596311788669,39.70549091412034,de_risk_execution
2015-08-27,192306.46224774947,-0.11573869018531979,0.75,0.75,0.7473322905418209,0.2491107635139403,39.8957556478762,re_entry_execution
2015-09-29,184475.03954617347,-0.15174904581698057,0.5,0.5,0.4996748706016464,0.2498374353008232,39.15446337468389,de_risk_execution
2015-10-01,189013.0024027301,-0.13088263845590342,0.75,0.75,0.7495240148202256,0.24984133827340854,39.655253035739705,re_entry_execution
2015-10-06,199440.54749035183,-0.08293482344460668,1.0,1.0,0.9993985349581752,0.2498496337395438,41.171211724821895,re_entry_execution
2016-01-14,197130.07961615277,-0.09355878961217057,1.0,0.75,0.7474062954567258,0.2491354318189086,40.30295497159393,de_risk_execution
2016-01-15,193976.63517079744,-0.10805892072105316,0.75,1.0,0.9964855067369928,0.2491213766842482,40.789016812063565,re_entry_execution
2016-01-19,192400.13180501497,-0.11530797993029651,0.75,0.75,0.7473425320538001,0.2491141773512667,40.28832169924924,de_risk_execution
2016-02-01,195817.72947623345,-0.09959322256931957,1.0,1.0,1.0,0.25,40.75712607077379,re_entry_execution
2016-02-03,192458.87165838177,-0.11503788302835494,0.75,0.75,0.75,0.25,39.756389374818646,de_risk_execution
2016-02-12,186557.0291971553,-0.14217566552450767,0.75,0.5,0.40166484448611467,0.20083242224305733,30.886908551936763,de_risk_execution
2016-02-16,189973.91358409668,-0.12646418797889292,0.75,0.75,0.6051502614316323,0.2017167538105441,31.460806521749582,re_entry_execution
2016-02-29,195504.45827691103,-0.10103370250848653,0.75,1.0,1.0,0.25,40.32480442994291,re_entry_execution
2016-03-01,200078.05627724805,-0.08000343804897203,1.0,0.75,0.75,0.25,40.18620776831427,de_risk_execution
2016-03-02,201775.5794313792,-0.07219790707425655,1.0,1.0,1.0,0.25,41.11627051674407,re_entry_execution
