date,decision_change,execution_change,decision_multiplier,executed_multiplier,applied_multiplier,same_day_d1_return,next_five_d1_return,next_five_raw_return,de_risk_lag_loss,reentry_lag_loss,avoided_loss,missed_rebound
2011-08-10,-1.0,0.0,0.0,1.0,1.0,-0.0573926813189275,-0.007415891915044215,-0.0009753367623446252,0.0,-0.0012245148027553,0.00714104398595795,-0.013006319637897201
2011-08-11,0.5,-1.0,0.5,0.0,1.0,0.0500332040807292,0.053634223767307976,0.061089390130053545,0.0,-0.0012245148027553,0.00714104398595795,-0.013589869632544
2011-08-12,0.0,0.5,0.5,0.5,0.0,-0.000395736485304,-0.02293264525274963,-0.043096385546426697,0.0,-0.0012245148027553,0.033413025319665404,-0.013589869632544
2011-08-18,-0.5,0.0,0.0,0.5,0.5,-0.0262719813337074,-0.0351576266101683,-0.037903514303502805,-0.0088310788691193,0.0,0.039167861888628044,-0.038797534901856404
2011-08-19,0.0,-0.5,0.0,0.0,0.5,-0.0091253872807639,-0.009125387280763952,-0.0009310558735784458,-0.0088310788691193,0.0,0.0290300033827267,-0.038797534901856404
2011-08-29,0.5,0.0,0.5,0.0,0.0,0.0,-0.02301930701944621,-0.006690141745939626,0.0,-0.0018694656455784,0.02548895189733465,-0.04277087911223885
2011-08-30,0.0,0.5,0.5,0.5,0.0,-0.0005,-0.028229317751321203,-0.0506083057076363,-0.0048327673405504,-0.0018694656455784,0.03032171923788505,-0.006624267251218251
2011-09-02,-0.5,0.0,0.0,0.5,0.5,-0.0167762974096753,-0.0366581833525359,-0.052804513648248785,-0.018910399445483,0.0,0.0517287869907706,-0.0351301532699604
2011-09-06,0.0,-0.5,0.0,0.0,0.5,-0.0053327673405504,-0.02022112149094979,-0.014390663812794857,-0.018910399445483,0.0,0.0349524895810953,-0.0407721767014474
2011-09-07,0.5,0.0,0.5,0.0,0.0,0.0,-0.01496817595025457,0.005218967047359913,-0.0140776321049326,0.0,0.0301197222405449,-0.0508102837980497
2011-09-08,-0.5,0.5,0.0,0.5,0.0,-0.0005,-0.01496817595025457,-0.01717730952381835,-0.0140776321049326,0.0,0.0301197222405449,-0.0279486545530035
2011-09-09,0.0,-0.5,0.0,0.0,0.5,-0.0144754136570832,-0.014475413657083158,0.019287643751130013,-0.0140776321049326,0.0,0.0140776321049326,-0.0484136369091103
2011-09-15,0.5,0.0,0.5,0.0,0.0,0.0,-0.013113260210062538,-0.0417142642331072,-0.00303956667614895,-0.00189867412785705,0.0534426550238844,-0.024262330611820898
2011-09-16,0.0,0.5,0.5,0.5,0.0,-0.0005,-0.013113260210062538,-0.09008325191860345,-0.00303956667614895,-0.00189867412785705,0.0844851263663995,-0.0037973482557141
2011-09-19,-0.5,0.0,0.0,0.5,0.5,-0.009112256759281,-0.012619569995060198,-0.08496102193347765,-0.00303956667614895,0.0,0.0844851263663995,-0.0094480639800559
2011-09-20,0.0,-0.5,0.0,0.0,0.5,-0.0035395666761489,-0.003539566676148853,-0.038873611381261886,-0.00303956667614895,0.0,0.07537286960711845,-0.040672252648125296
2011-09-27,0.5,0.0,0.5,0.0,0.0,0.0,0.008442647678427395,-0.0680800521075341,0.0,0.0,0.09948221089427481,-0.0214968051414954
2011-09-28,-0.5,0.5,0.0,0.5,0.0,-0.0005,0.008442647678427395,-0.04412022989710418,0.0,0.0,0.09948221089427481,-0.0475167766522056
2011-09-29,0.0,-0.5,0.0,0.0,0.5,0.0089471212390468,0.00894712123904684,-9.153687956497958e-05,0.0,0.0,0.07125191431969011,-0.0640470778997267
2011-10-05,0.5,0.0,0.5,0.0,0.0,0.0,0.009398982488109997,0.06243675011197758,0.0,-0.0132226114271619,0.0069107249822609,-0.0583044877748617
2011-10-06,0.0,0.5,0.5,0.5,0.0,-0.0005024825730006,0.021664736488305802,0.05786024621842878,0.0,-0.0132226114271619,0.0069107249822609,-0.0417741865273406
2011-10-10,0.5,0.0,1.0,0.5,0.5,0.0163285762286792,0.03981360333549433,0.05800126439151709,0.0,-0.00099961255566245,0.0,-0.0173281887843417
2011-10-11,0.0,0.5,1.0,1.0,0.5,0.0005958891751604,0.0006159588725076492,0.0020193229564269277,0.0,-0.00099961255566245,0.0,-0.00099961255566245
