window,group,arithmetic_return_contribution,share_of_negative_contribution
drawdown_1,us_equity,-0.21847570286050275,0.8663119425356188
drawdown_1,metals,-0.01872820428155707,0.07426211161668152
drawdown_1,international_equity,-0.014986663174959702,0.05942594584769969
drawdown_2,us_equity,-0.11805200143139653,0.6947792957105088
drawdown_2,commodities,-0.05107414958430916,0.30059008951085864
drawdown_2,international_equity,-0.0007868014286700022,0.00463061477863247
drawdown_2,rates,0.0014482979259124763,0.0
drawdown_3,us_equity,-0.1356460302761311,0.9399145380321002
drawdown_3,metals,-0.008671378155632589,0.06008546196789973
drawdown_3,rates,0.0014465721822962366,0.0
drawdown_4,international_equity,-0.057150742066015926,0.6948056851542176
drawdown_4,commodities,-0.025103538932463348,0.3051943148457825
drawdown_5,international_equity,-0.051550272630908084,0.6888351017458103
drawdown_5,us_equity,-0.023286611407459117,0.3111648982541896
worst_month_2011-08,us_equity,-0.1209489258331899,0.8659178903076578
worst_month_2011-08,metals,-0.01872820428155707,0.1340821096923423
