window,symbol,arithmetic_return_contribution,share_of_negative_contribution
drawdown_1,XLF,-0.1324052575030847,0.5037284830388749
drawdown_1,XLI,-0.03982415941936897,0.1515088131009427
drawdown_1,IWM,-0.02308772031515302,0.08783595569010465
drawdown_1,SLV,-0.01872820428155707,0.07125041792672861
drawdown_1,XLB,-0.015425264551402766,0.05868456630410179
drawdown_1,EWZ,-0.014986663174959702,0.05701593161254296
drawdown_1,XLY,-0.01080025238731524,0.0410889631884334
drawdown_1,SPY,-0.007592926498094253,0.02888686913827109
drawdown_1,XLK,0.010659877813916198,0.0
drawdown_2,XLI,-0.07797846464957259,0.35638343859576577
drawdown_2,DBC,-0.05107414958430916,0.23342317823271438
drawdown_2,XLB,-0.034838916835658755,0.159223614297105
drawdown_2,EWZ,-0.032361434029704025,0.14790082350588013
drawdown_2,XLE,-0.012461485838609739,0.056952482882727806
drawdown_2,XLY,-0.009217180709154397,0.04212509915460367
drawdown_2,EWU,-0.0008733301010063856,0.003991363331203381
drawdown_2,TIP,0.0014482979259124763,0.0
drawdown_2,IWM,0.006874023461682987,0.0
drawdown_2,XLF,0.009570023139915954,0.0
drawdown_2,EEM,0.03244796270204041,0.0
drawdown_3,XLF,-0.060316923296409156,0.41794627517115013
drawdown_3,XLB,-0.055455919594946924,0.38426354933589085
drawdown_3,XLE,-0.01987318738477501,0.13770471352505942
drawdown_3,SLV,-0.008671378155632589,0.06008546196789974
drawdown_3,TLT,0.0014465721822962366,0.0
drawdown_4,FXI,-0.05783049867691126,0.6446980071291477
drawdown_4,USO,-0.025103538932463348,0.2798558181568926
drawdown_4,EWJ,-0.006767649129865591,0.07544617471395962
drawdown_4,EEM,0.007447405740760919,0.0
drawdown_5,EWU,-0.03180983946315071,0.42505563762973503
drawdown_5,VNQ,-0.023286611407459117,0.3111648982541896
drawdown_5,EFA,-0.014760590506067433,0.19723683977141548
drawdown_5,EWJ,-0.00497984266168994,0.06654262434465985
worst_month_2011-08,XLF,-0.08213556001357211,0.5862036747862558
worst_month_2011-08,SLV,-0.01872820428155707,0.13366369170895462
worst_month_2011-08,XLY,-0.017489376062772306,0.12482214178635663
worst_month_2011-08,XLI,-0.015097467480039694,0.10775102666010741
worst_month_2011-08,IWM,-0.006663764600138051,0.04755946505832562
worst_month_2011-08,SPY,0.00043724232333224814,0.0
