variant,trade_id,symbol,group,entry_date,original_exit_date,decision_date,execution_date,entry_price,decision_price,decision_loss,threshold,execution_price,execution_loss,execution_marked_value,d1_multiplier_at_execution,exit_cost
PSTOP_5,6,EWJ,international_equity,2009-09-21,2009-10-16,2009-10-02,2009-10-05,29.61016273498535,28.110549926757812,-0.050645206568071255,-0.05,28.345783233642575,-0.04270086296583819,23851.67790362767,1.0,23.85167790362767
PSTOP_5,9,EEM,international_equity,2009-10-12,2010-01-08,2009-10-28,2009-10-29,28.170148849487305,26.4594669342041,-0.060726761666164863,-0.05,27.63030242919922,-0.01916377592367291,21647.024764827787,1.0,21.647024764827787
PSTOP_5,16,USO,commodities,2010-01-07,2010-01-29,2010-01-15,2010-01-19,325.760009765625,307.20001220703125,-0.056974450522478626,-0.05,311.44000244140625,-0.043958763798299216,24251.374398835746,1.0,24.251374398835747
PSTOP_5,15,FXI,international_equity,2010-01-07,2010-04-07,2010-01-15,2010-01-19,29.5686092376709,27.93753433227539,-0.055162381574493935,-0.05,28.827220916748047,-0.025073493141446468,25136.94653894962,1.0,25.136946538949623
PSTOP_5,22,XLF,us_equity,2010-04-27,2010-06-04,2010-05-07,2010-05-10,9.66942024230957,9.142328262329102,-0.05451122888155402,-0.05,9.6512451171875,-0.0018796499341856565,26370.128431295263,1.0,26.370128431295264
PSTOP_5,25,XLB,us_equity,2010-05-11,2010-06-04,2010-05-20,2010-05-21,11.30384922027588,10.405158042907717,-0.07950311083026196,-0.05,10.66142463684082,-0.05683237372652972,24936.14569423532,1.0,24.93614569423532
PSTOP_5,23,XLB,us_equity,2010-05-04,2010-07-30,2010-05-07,2010-05-10,11.510969161987305,10.92822551727295,-0.05062507218234502,-0.05,11.44778060913086,-0.005489420740098283,26372.165996489137,1.0,26.372165996489137
PSTOP_5,24,XLF,us_equity,2010-05-04,2010-07-30,2010-05-07,2010-05-10,9.705775260925291,9.142328262329102,-0.05805275554489542,-0.05,9.6512451171875,-0.0056183192245677915,26363.474151314997,1.0,26.363474151314996
PSTOP_5,26,XLE,us_equity,2010-05-18,2010-08-13,2010-05-20,2010-05-21,16.061866760253903,15.16905403137207,-0.055585863225509624,-0.05,15.433695793151855,-0.03910946196219833,24397.6336831769,1.0,24.397633683176903
PSTOP_5,41,USO,commodities,2010-11-05,2011-01-06,2010-11-16,2010-11-17,301.20001220703125,283.6000061035156,-0.05843295282278471,-0.05,277.8399963378906,-0.07755649044623547,26722.983838708697,1.0,26.722983838708696
PSTOP_5,40,XLF,us_equity,2010-11-05,2011-02-03,2010-11-16,2010-11-17,9.480287551879886,8.981322288513184,-0.05263187014488402,-0.05,8.920476913452148,-0.059049963976749886,27264.56671842175,1.0,27.26456671842175
PSTOP_5,43,USO,commodities,2011-01-11,2011-02-09,2011-01-24,2011-01-25,311.0400085449219,295.44000244140625,-0.0501543392327376,-0.05,290.1600036621094,-0.06712964348378003,28122.59167598205,1.0,28.12259167598205
PSTOP_5,44,FXI,international_equity,2011-01-11,2011-04-08,2011-02-09,2011-02-10,29.977453231811527,28.403301239013672,-0.05251119835381457,-0.05,28.31432342529297,-0.05547935622341915,27965.5853114392,1.0,27.965585311439202
PSTOP_5,49,XLI,us_equity,2011-03-03,2011-05-31,2011-03-16,2011-03-17,27.913028717041016,26.467960357666016,-0.051770389162132724,-0.05,26.879770278930664,-0.03701706642387903,29739.677318211026,1.0,29.739677318211026
PSTOP_5,55,XLF,us_equity,2011-05-13,2011-07-11,2011-06-06,2011-06-07,9.655899047851562,9.141572952270508,-0.05326547978932028,-0.05,9.123207092285156,-0.05516751500057682,29553.74469383234,1.0,29.553744693832343
PSTOP_5,53,EWZ,international_equity,2011-04-14,2011-07-13,2011-05-13,2011-05-16,39.21757125854493,36.695335388183594,-0.06431392331088781,-0.05,36.685089111328125,-0.06457519081233298,29511.589237864802,1.0,29.511589237864804
PSTOP_5,54,XLF,us_equity,2011-04-21,2011-07-20,2011-06-03,2011-06-06,9.857958793640137,9.319133758544922,-0.054658884904533966,-0.05,9.141572952270508,-0.07267080907579015,29924.749875794354,1.0,29.924749875794355
PSTOP_5,60,XLF,us_equity,2011-07-26,2011-08-09,2011-08-02,2011-08-03,9.334174156188965,8.817999839782715,-0.055299409221329365,-0.05,8.861011505126953,-0.05069143163011203,28586.297245249312,1.0,28.586297245249312
PSTOP_5,61,SLV,metals,2011-08-02,2011-08-09,2011-08-04,2011-08-05,39.81999969482422,37.61000061035156,-0.055499726303611996,-0.05,37.31999969482422,-0.06278252182721511,28115.776257842692,1.0,28.115776257842693
PSTOP_5,62,XLI,us_equity,2011-08-09,2011-08-19,2011-08-10,2011-08-11,23.413368225097656,22.219274520874023,-0.051000509313463005,-0.05,23.2773380279541,-0.005809937119501618,27503.9890904567,1.0,27.503989090456702
PSTOP_5,59,XLF,us_equity,2011-07-19,2011-08-23,2011-08-04,2011-08-05,9.112956047058104,8.412428855895996,-0.07687156478585844,-0.05,8.252663612365723,-0.09440322440379878,27643.797742754916,1.0,27.643797742754916
PSTOP_5,65,XLI,us_equity,2011-08-16,2011-09-09,2011-08-18,2011-08-19,23.74591064453125,22.362871170043945,-0.05824326955453374,-0.05,22.015222549438477,-0.07288362703796136,25613.15010593841,0.5,12.806575052969205
PSTOP_5,58,XLF,us_equity,2011-07-12,2011-10-06,2011-08-04,2011-08-05,9.205132484436035,8.412428855895996,-0.08611539593594508,-0.05,8.252663612365723,-0.10347150067429656,27830.20748012994,1.0,27.83020748012994
PSTOP_5,69,XLF,us_equity,2011-09-14,2011-12-09,2011-09-28,2011-09-29,7.742634296417235,7.3470635414123535,-0.051089944308479796,-0.05,7.550633907318115,-0.024797811926615898,25826.636114279045,0.5,12.913318057139522
PSTOP_5,80,XLB,us_equity,2012-03-07,2012-06-04,2012-05-15,2012-05-16,13.34711742401123,12.646798133850098,-0.05246970322605171,-0.05,12.509207725524902,-0.06277832672536043,29919.145510239898,1.0,29.919145510239897
PSTOP_5,82,XLB,us_equity,2012-03-14,2012-06-11,2012-05-14,2012-05-15,13.66940975189209,12.84016227722168,-0.06066446830709915,-0.05,12.646798133850098,-0.07481022491848588,29785.669949269497,1.0,29.785669949269497
PSTOP_5,83,XLE,us_equity,2012-04-12,2012-07-10,2012-05-14,2012-05-15,20.957006454467773,19.896387100219727,-0.05060929654015234,-0.05,19.565874099731445,-0.06638029900686293,29948.89110015513,1.0,29.948891100155134
PSTOP_5,84,XLB,us_equity,2012-04-12,2012-07-10,2012-05-14,2012-05-15,13.595025062561035,12.84016227722168,-0.05552492782217455,-0.05,12.646798133850098,-0.06974808243069985,28078.267149569005,1.0,28.078267149569005
PSTOP_5,85,IWM,us_equity,2012-05-03,2012-07-31,2012-05-17,2012-05-18,66.3446731567383,62.048954010009766,-0.06474851623098599,-0.05,61.46467590332031,-0.07355522336946418,29741.170884702762,1.0,29.74117088470276
PSTOP_5,94,USO,commodities,2012-10-02,2013-01-02,2012-10-23,2012-10-24,272.1600036621094,255.7599945068359,-0.060258704198263846,-0.05,253.0399932861328,-0.07025282965425861,29693.927081928767,1.0,29.693927081928766
PSTOP_5,96,IWM,us_equity,2012-10-16,2013-01-16,2012-11-13,2012-11-14,69.11759948730469,65.34002685546875,-0.05465427994978023,-0.05,64.12785339355469,-0.07219212083120019,29620.8034663523,1.0,29.6208034663523
PSTOP_5,110,EEM,international_equity,2013-05-24,2013-06-13,2013-06-10,2013-06-11,31.500389099121094,29.913076400756836,-0.050390256874907835,-0.05,29.34671211242676,-0.0683698534617283,34273.32124509089,1.0,34.27332124509089
PSTOP_5,111,EWZ,international_equity,2013-06-17,2013-08-07,2013-06-20,2013-06-21,25.585563659667976,23.72793960571289,-0.07260438263798608,-0.05,23.72793960571289,-0.07260438263798608,33630.052168805836,1.0,33.63005216880584
PSTOP_5,129,XLP,us_equity,2013-12-27,2014-03-27,2014-02-03,2014-02-04,30.567274093627937,28.455249786376953,-0.06909429675612644,-0.05,28.605091094970703,-0.06419227938503913,35969.706838476064,1.0,35.969706838476064
PSTOP_5,134,EWJ,international_equity,2014-02-26,2014-05-23,2014-03-20,2014-03-21,36.63565063476562,34.66905975341797,-0.05367970398433275,-0.05,34.51045608520508,-0.05800892062071972,37160.316655787785,1.0,37.16031665578779
PSTOP_5,135,XLY,us_equity,2014-04-02,2014-06-30,2014-04-11,2014-04-14,28.746248245239258,27.08397102355957,-0.05782588418142465,-0.05,27.297191619873047,-0.050408547682607385,37700.86600871597,1.0,37.70086600871598
PSTOP_5,147,IWM,us_equity,2014-09-16,2014-10-07,2014-10-01,2014-10-02,97.77220916748048,92.3603973388672,-0.055351227866223485,-0.05,93.24285888671876,-0.04632553891671909,40954.708768487166,1.0,40.954708768487166
PSTOP_5,145,XLY,us_equity,2014-07-28,2014-10-22,2014-10-13,2014-10-14,29.226657867431637,27.69942283630371,-0.0522548639688899,-0.05,27.900903701782227,-0.04536112790120794,38365.393975956955,1.0,38.365393975956955
PSTOP_5,149,IWM,us_equity,2014-09-23,2014-12-18,2014-10-10,2014-10-13,95.11492156982422,89.7386474609375,-0.056523981938417234,-0.05,89.3787841796875,-0.060307439626345105,39456.68539758575,1.0,39.45668539758575
PSTOP_5,150,IWM,us_equity,2014-09-23,2014-12-18,2014-10-10,2014-10-13,95.11492156982422,89.7386474609375,-0.056523981938417234,-0.05,89.3787841796875,-0.060307439626345105,39448.79406050624,1.0,39.44879406050624
PSTOP_5,153,DBC,commodities,2014-10-21,2015-01-20,2014-11-28,2014-12-01,18.844802856445312,17.26383399963379,-0.0838941573894364,-0.05,17.618919372558594,-0.06505154196757446,37845.553071032446,1.0,37.84555307103245
PSTOP_5,163,EWZ,international_equity,2015-01-26,2015-03-17,2015-01-30,2015-02-02,21.0467586517334,19.767702102661133,-0.060772139322599394,-0.05,19.99816513061523,-0.049822090824983456,36009.02844435446,1.0,36.009028444354456
PSTOP_5,166,EWZ,international_equity,2015-04-15,2015-07-09,2015-05-26,2015-05-27,20.30352783203125,19.03599548339844,-0.062429167931748575,-0.05,19.26645278930664,-0.051078563848815484,39342.01008550506,1.0,39.342010085505066
PSTOP_5,167,EWU,international_equity,2015-04-15,2015-07-13,2015-07-08,2015-07-09,24.3226261138916,23.0530948638916,-0.05219548432210286,-0.05,23.39307975769043,-0.0382173516892681,39867.25719972806,1.0,39.86725719972806
PSTOP_5,171,XLI,us_equity,2015-06-25,2015-09-22,2015-08-21,2015-08-24,45.15010833740235,42.267127990722656,-0.06385323209272198,-0.05,40.76404571533203,-0.09714401102415304,37169.79472364884,1.0,37.16979472364884
PSTOP_5,173,XLB,us_equity,2015-07-17,2015-09-24,2015-07-24,2015-07-27,19.01418113708496,17.984878540039062,-0.05413341703358254,-0.05,17.7853946685791,-0.06462473769692101,38134.72252954891,1.0,38.13472252954891
PSTOP_5,175,XLI,us_equity,2015-07-24,2015-09-24,2015-08-24,2015-08-25,43.449882507324226,40.76404571533203,-0.061814592744628305,-0.05,40.230167388916016,-0.0741018141502563,36547.15737565032,1.0,36.54715737565032
PSTOP_5,174,XLI,us_equity,2015-07-24,2015-10-09,2015-08-24,2015-08-25,43.44988250732422,40.76404571533203,-0.06181459274462808,-0.05,40.230167388916016,-0.07410181415025607,36554.468269304176,1.0,36.554468269304174
PSTOP_5,176,XLI,us_equity,2015-07-24,2015-10-20,2015-08-24,2015-08-25,43.449882507324226,40.76404571533203,-0.061814592744628305,-0.05,40.230167388916016,-0.0741018141502563,36539.847944175184,1.0,36.539847944175186
PSTOP_5,182,IWM,us_equity,2015-12-15,2016-01-14,2016-01-07,2016-01-08,97.91549682617188,92.197998046875,-0.058392174524192764,-0.05,90.61001586914062,-0.07461005861003367,36089.619253825345,1.0,36.08961925382535
PSTOP_5,183,IWM,us_equity,2016-01-07,2016-01-20,2016-01-13,2016-01-14,92.197998046875,87.58241271972656,-0.05006166538238499,-0.05,88.79519653320312,-0.03690754230847648,38929.966182798045,1.0,38.92996618279805
PSTOP_5,188,IWM,us_equity,2016-01-22,2016-02-12,2016-02-09,2016-02-10,88.44619750976562,83.56889343261719,-0.055144304836959424,-0.05,83.61250305175781,-0.054651241026773434,36437.972586715114,1.0,36.43797258671511
PSTOP_5,186,IWM,us_equity,2016-01-14,2016-04-13,2016-02-08,2016-02-09,88.79519653320312,84.13603210449219,-0.05247090620457984,-0.05,83.56889343261719,-0.058857948454809406,37120.3281566921,1.0,37.1203281566921
PSTOP_5,187,IWM,us_equity,2016-01-14,2016-04-13,2016-02-08,2016-02-09,88.79519653320312,84.13603210449219,-0.05247090620457984,-0.05,83.56889343261719,-0.058857948454809406,37112.904091060765,1.0,37.11290409106076
PSTOP_5,189,IWM,us_equity,2016-01-29,2016-04-27,2016-02-08,2016-02-09,89.83350372314452,84.13603210449219,-0.0634225693368391,-0.05,83.56889343261719,-0.06973578933127289,36598.46060879243,1.0,36.598460608792436
PSTOP_5,197,USO,commodities,2016-06-08,2016-06-30,2016-06-13,2016-06-14,99.44000244140624,94.08000183105467,-0.053901855176541,-0.05,93.83999633789062,-0.05631542604612605,41647.782840190936,1.0,41.647782840190935
PSTOP_5,192,FXI,international_equity,2016-04-19,2016-07-15,2016-05-03,2016-05-04,27.39414405822754,25.47530746459961,-0.07004550277421895,-0.05,25.155498504638672,-0.08171985767580547,39488.625513632214,1.0,39.488625513632215
PSTOP_5,198,USO,commodities,2016-07-07,2016-10-03,2016-07-25,2016-07-26,86.55999755859375,81.04000091552734,-0.06377075784145947,-0.05,80.63999938964844,-0.06839184768851203,39326.36039248955,1.0,39.326360392489555
PSTOP_5,203,EWU,international_equity,2016-08-18,2016-11-14,2016-10-11,2016-10-12,21.87331199645996,20.779640197753903,-0.05000028339938012,-0.05,20.779640197753903,-0.05000028339938012,43704.25621628201,1.0,43.70425621628201
PSTOP_7_5,16,USO,commodities,2010-01-07,2010-01-29,2010-01-21,2010-01-22,325.760009765625,297.9200134277344,-0.08546167578371788,-0.075,290.7200012207031,-0.10756387369380349,22637.938413706823,1.0,22.637938413706824
PSTOP_7_5,15,FXI,international_equity,2010-01-07,2010-04-07,2010-01-21,2010-01-22,29.5686092376709,26.697359085083008,-0.0971046737270913,-0.075,26.333393096923828,-0.10941387586891815,22962.362427449414,1.0,22.962362427449413
PSTOP_7_5,22,XLF,us_equity,2010-04-27,2010-06-04,2010-05-20,2010-05-21,9.66942024230957,8.633413314819336,-0.10714261057318375,-0.075,8.936338424682617,-0.075814454150961,24416.786549616885,1.0,24.416786549616887
PSTOP_7_5,25,XLB,us_equity,2010-05-11,2010-06-04,2010-05-20,2010-05-21,11.30384922027588,10.405158042907717,-0.07950311083026196,-0.075,10.66142463684082,-0.05683237372652972,24936.14569423532,1.0,24.93614569423532
PSTOP_7_5,23,XLB,us_equity,2010-05-04,2010-07-30,2010-05-20,2010-05-21,11.510969161987305,10.405158042907717,-0.09606585714183913,-0.075,10.66142463684082,-0.07380304066419852,24560.643663765295,1.0,24.560643663765294
PSTOP_7_5,24,XLF,us_equity,2010-05-04,2010-07-30,2010-05-20,2010-05-21,9.705775260925291,8.633413314819336,-0.11048699534834716,-0.075,8.936338424682617,-0.07927618511221535,24410.625179021255,1.0,24.410625179021256
PSTOP_7_5,26,XLE,us_equity,2010-05-18,2010-08-13,2010-06-01,2010-06-02,16.061866760253903,14.695018768310549,-0.08509894972642318,-0.075,15.331912994384766,-0.04544638408254342,24236.735122466005,1.0,24.236735122466005
PSTOP_7_5,41,USO,commodities,2010-11-05,2011-01-06,2010-11-17,2010-11-18,301.20001220703125,277.8399963378906,-0.07755649044623547,-0.075,284.0,-0.05710495189226206,27315.460373687998,1.0,27.315460373687998
PSTOP_7_5,40,XLF,us_equity,2010-11-05,2011-02-03,2010-11-23,2010-11-24,9.480287551879886,8.768352508544922,-0.07509635540472526,-0.075,8.902223587036133,-0.06097536194765807,27208.777208429063,1.0,27.208777208429062
PSTOP_7_5,43,USO,commodities,2011-01-11,2011-02-09,2011-01-27,2011-01-28,311.0400085449219,287.5199890136719,-0.07561734466662073,-0.075,300.6400146484375,-0.03343619345027882,29138.324602672794,1.0,29.138324602672796
PSTOP_7_5,53,EWZ,international_equity,2011-04-14,2011-07-13,2011-06-16,2011-06-17,39.21757125854493,36.17756652832031,-0.07751639463298599,-0.075,36.34161758422851,-0.0733332937768244,29235.281046492957,1.0,29.235281046492958
PSTOP_7_5,54,XLF,us_equity,2011-04-21,2011-07-20,2011-06-08,2011-06-09,9.857958793640137,9.037481307983398,-0.0832299569142112,-0.075,9.141572952270508,-0.07267080907579015,29924.749875794354,1.0,29.924749875794355
PSTOP_7_5,60,XLF,us_equity,2011-07-26,2011-08-09,2011-08-04,2011-08-05,9.334174156188965,8.412428855895996,-0.09874952886772648,-0.075,8.252663612365723,-0.11586569156802728,26623.7206611955,1.0,26.623720661195502
PSTOP_7_5,59,XLF,us_equity,2011-07-19,2011-08-23,2011-08-04,2011-08-05,9.112956047058104,8.412428855895996,-0.07687156478585844,-0.075,8.252663612365723,-0.09440322440379878,27643.797742754916,1.0,27.643797742754916
PSTOP_7_5,58,XLF,us_equity,2011-07-12,2011-10-06,2011-08-04,2011-08-05,9.205132484436035,8.412428855895996,-0.08611539593594508,-0.075,8.252663612365723,-0.10347150067429656,27830.20748012994,1.0,27.83020748012994
PSTOP_7_5,80,XLB,us_equity,2012-03-07,2012-06-04,2012-05-17,2012-05-18,13.34711742401123,12.234042167663574,-0.08339443049667439,-0.075,12.18569278717041,-0.08701688911131011,29145.372244358812,1.0,29.145372244358814
PSTOP_7_5,82,XLB,us_equity,2012-03-14,2012-06-11,2012-05-16,2012-05-17,13.66940975189209,12.509207725524902,-0.08487579547511881,-0.075,12.234042167663574,-0.10500582031567496,28813.549350181474,1.0,28.813549350181475
PSTOP_7_5,83,XLE,us_equity,2012-04-12,2012-07-10,2012-05-17,2012-05-18,20.957006454467773,19.331523895263672,-0.07756272646743256,-0.075,19.211334228515625,-0.08329778538480115,29406.20765347736,1.0,29.40620765347736
PSTOP_7_5,84,XLB,us_equity,2012-04-12,2012-07-10,2012-05-16,2012-05-17,13.595025062561035,12.509207725524902,-0.07986872639362286,-0.075,12.234042167663574,-0.10010889193911343,27161.87138176248,1.0,27.16187138176248
PSTOP_7_5,85,IWM,us_equity,2012-05-03,2012-07-31,2012-06-01,2012-06-04,66.3446731567383,60.74871826171875,-0.08434670982249304,-0.075,60.60881423950195,-0.08645545519058417,29327.041506760124,1.0,29.327041506760125
PSTOP_7_5,94,USO,commodities,2012-10-02,2013-01-02,2012-11-02,2012-11-05,272.1600036621094,250.8000030517578,-0.0784832463364834,-0.075,252.8800048828125,-0.0708406765133398,29675.152642677276,1.0,29.675152642677276
PSTOP_7_5,96,IWM,us_equity,2012-10-16,2013-01-16,2012-11-15,2012-11-16,69.11759948730469,63.795772552490234,-0.07699669800876041,-0.075,64.32713317871094,-0.06930892195516203,29712.851258981573,1.0,29.712851258981573
PSTOP_7_5,111,EWZ,international_equity,2013-06-17,2013-08-07,2013-06-24,2013-06-25,25.585563659667976,23.258129119873047,-0.09096670961616538,-0.075,23.636140823364254,-0.07619229586787302,33499.944039287744,1.0,33.49994403928775
PSTOP_7_5,153,DBC,commodities,2014-10-21,2015-01-20,2014-11-28,2014-12-01,18.844802856445312,17.26383399963379,-0.0838941573894364,-0.075,17.618919372558594,-0.06505154196757446,37845.553071032446,1.0,37.84555307103245
PSTOP_7_5,163,EWZ,international_equity,2015-01-26,2015-03-17,2015-02-11,2015-02-12,21.0467586517334,19.11665725708008,-0.09170539875480321,-0.075,19.865650177001953,-0.05611830753968239,35770.41981687304,1.0,35.770419816873044
PSTOP_7_5,166,EWZ,international_equity,2015-04-15,2015-07-09,2015-05-29,2015-06-01,20.30352783203125,18.592357635498047,-0.08427945186124886,-0.075,18.7191104888916,-0.07803655385642094,38224.33956573488,1.0,38.22433956573488
PSTOP_7_5,171,XLI,us_equity,2015-06-25,2015-09-22,2015-08-24,2015-08-25,45.15010833740235,40.76404571533203,-0.09714401102415304,-0.075,40.230167388916016,-0.10896853030163511,36682.9895635608,1.0,36.682989563560795
PSTOP_7_5,173,XLB,us_equity,2015-07-17,2015-09-24,2015-08-21,2015-08-24,19.01418113708496,17.23084831237793,-0.09378962006567015,-0.075,16.508739471435547,-0.13176700314287215,35397.370189823436,1.0,35.397370189823434
PSTOP_7_5,182,IWM,us_equity,2015-12-15,2016-01-14,2016-01-11,2016-01-12,97.91549682617188,90.21739959716795,-0.078619804612443,-0.075,90.48786163330078,-0.07585760613621029,36040.96569362656,1.0,36.04096569362656
PSTOP_7_5,189,IWM,us_equity,2016-01-29,2016-04-27,2016-02-11,2016-02-12,89.83350372314452,82.70508575439453,-0.07935144098040381,-0.075,84.27561950683594,-0.061868723649444624,36907.966757864,1.0,36.907966757864
PSTOP_7_5,197,USO,commodities,2016-06-08,2016-06-30,2016-06-15,2016-06-16,99.44000244140624,91.76000213623048,-0.07723250318402897,-0.075,89.12000274658203,-0.103781168960702,39552.96958604187,1.0,39.552969586041876
PSTOP_7_5,192,FXI,international_equity,2016-04-19,2016-07-15,2016-05-04,2016-05-05,27.39414405822754,25.155498504638672,-0.08171985767580547,-0.075,25.194501876831055,-0.08029607264680516,39549.852269205745,1.0,39.54985226920574
PSTOP_7_5,198,USO,commodities,2016-07-07,2016-10-03,2016-07-27,2016-07-28,86.55999755859375,79.19999694824219,-0.08502773588191781,-0.075,77.36000061035156,-0.10628462578241837,37726.776872426766,1.0,37.72677687242677
PSTOP_7_5,203,EWU,international_equity,2016-08-18,2016-11-14,2016-11-04,2016-11-07,21.87331199645996,20.137113571166992,-0.07937519592707132,-0.075,20.4378719329834,-0.06562518121210348,42985.44069936374,1.0,42.98544069936374
PSTOP_10,16,USO,commodities,2010-01-07,2010-01-29,2010-01-22,2010-01-25,325.760009765625,290.7200012207031,-0.10756387369380349,-0.1,294.4800109863281,-0.09602160437618457,22930.724837591486,1.0,22.930724837591487
PSTOP_10,15,FXI,international_equity,2010-01-07,2010-04-07,2010-01-22,2010-01-25,29.5686092376709,26.333393096923828,-0.10941387586891815,-0.1,26.75127410888672,-0.09528128652039702,23326.749014962974,1.0,23.326749014962974
PSTOP_10,22,XLF,us_equity,2010-04-27,2010-06-04,2010-05-20,2010-05-21,9.66942024230957,8.633413314819336,-0.10714261057318375,-0.1,8.936338424682617,-0.075814454150961,24416.786549616885,1.0,24.416786549616887
PSTOP_10,23,XLB,us_equity,2010-05-04,2010-07-30,2010-06-04,2010-06-07,11.510969161987305,10.219104766845703,-0.11222898584488683,-0.1,10.036554336547852,-0.12808780952245236,23121.134657761264,1.0,23.121134657761264
PSTOP_10,24,XLF,us_equity,2010-05-04,2010-07-30,2010-05-20,2010-05-21,9.705775260925291,8.633413314819336,-0.11048699534834716,-0.1,8.936338424682617,-0.07927618511221535,24410.625179021255,1.0,24.410625179021256
PSTOP_10,26,XLE,us_equity,2010-05-18,2010-08-13,2010-07-02,2010-07-06,16.061866760253903,14.426063537597656,-0.1018439043900018,-0.1,14.566286087036133,-0.0931137516915953,23026.42975725569,1.0,23.02642975725569
PSTOP_10,60,XLF,us_equity,2011-07-26,2011-08-09,2011-08-05,2011-08-08,9.334174156188965,8.252663612365723,-0.11586569156802728,-0.1,7.472255706787109,-0.1994732922534258,24106.065385778602,1.0,24.106065385778603
PSTOP_10,59,XLF,us_equity,2011-07-19,2011-08-23,2011-08-08,2011-08-09,9.112956047058104,7.472255706787109,-0.18004040969786683,-0.1,8.049880027770996,-0.11665545337841232,26964.53724440043,1.0,26.964537244400432
PSTOP_10,58,XLF,us_equity,2011-07-12,2011-10-06,2011-08-05,2011-08-08,9.205132484436035,8.252663612365723,-0.10347150067429656,-0.1,7.472255706787109,-0.18825115016854566,25198.461543115976,1.0,25.198461543115975
PSTOP_10,82,XLB,us_equity,2012-03-14,2012-06-11,2012-05-17,2012-05-18,13.66940975189209,12.234042167663574,-0.10500582031567496,-0.1,12.18569278717041,-0.10854286993015971,28699.677153094177,1.0,28.69967715309418
PSTOP_10,83,XLE,us_equity,2012-04-12,2012-07-10,2012-06-01,2012-06-04,20.957006454467773,18.640470504760746,-0.11053754049940523,-0.1,18.62544059753418,-0.11125471865455927,28509.398011286183,1.0,28.509398011286184
PSTOP_10,84,XLB,us_equity,2012-04-12,2012-07-10,2012-05-17,2012-05-18,13.595025062561035,12.234042167663574,-0.10010889193911343,-0.1,12.18569278717041,-0.10366529439300165,27054.52667619866,1.0,27.054526676198662
PSTOP_10,111,EWZ,international_equity,2013-06-17,2013-08-07,2013-07-05,2013-07-08,25.585563659667976,22.83097267150879,-0.10766192313759382,-0.1,22.825464248657227,-0.10787721731382671,32350.956982153544,1.0,32.35095698215355
PSTOP_10,153,DBC,commodities,2014-10-21,2015-01-20,2014-12-08,2014-12-09,18.844802856445312,16.756574630737305,-0.11081189023921201,-0.1,16.874937057495117,-0.10453098469408828,36247.47423354722,1.0,36.247474233547216
PSTOP_10,163,EWZ,international_equity,2015-01-26,2015-03-17,2015-03-05,2015-03-06,21.0467586517334,18.89771842956543,-0.10210789498415118,-0.1,18.396467208862305,-0.12592397179661763,33124.98455097902,1.0,33.124984550979015
PSTOP_10,171,XLI,us_equity,2015-06-25,2015-09-22,2015-08-25,2015-08-26,45.15010833740235,40.230167388916016,-0.10896853030163511,-0.1,41.486846923828125,-0.08113516331343062,37828.86504099225,1.0,37.82886504099225
PSTOP_10,173,XLB,us_equity,2015-07-17,2015-09-24,2015-08-24,2015-08-25,19.01418113708496,16.508739471435547,-0.13176700314287215,-0.1,16.24942398071289,-0.14540500779072374,34841.356422876066,1.0,34.84135642287607
PSTOP_10,197,USO,commodities,2016-06-08,2016-06-30,2016-06-16,2016-06-17,99.44000244140624,89.12000274658203,-0.103781168960702,-0.1,93.27999877929688,-0.06194693796130046,41399.2464205243,1.0,41.3992464205243
PSTOP_10,192,FXI,international_equity,2016-04-19,2016-07-15,2016-05-13,2016-05-16,27.39414405822754,24.367685317993164,-0.1104783100286505,-0.1,24.843494415283203,-0.09310930239407411,38998.84739848144,1.0,38.998847398481445
PSTOP_10,198,USO,commodities,2016-07-07,2016-10-03,2016-07-28,2016-07-29,86.55999755859375,77.36000061035156,-0.10628462578241837,-0.1,78.08000183105469,-0.09796668168571543,38077.90568818465,1.0,38.07790568818465
PSTOP_12_5,15,FXI,international_equity,2010-01-07,2010-04-07,2010-01-27,2010-01-28,29.5686092376709,25.834630966186523,-0.12628183630386058,-0.125,25.955949783325195,-0.12217887643302194,22633.236965691824,1.0,22.633236965691825
PSTOP_12_5,23,XLB,us_equity,2010-05-04,2010-07-30,2010-06-07,2010-06-08,11.510969161987305,10.036554336547852,-0.12808780952245236,-0.125,10.264740943908691,-0.1082644041992602,23646.80642707312,1.0,23.64680642707312
PSTOP_12_5,24,XLF,us_equity,2010-05-04,2010-07-30,2010-06-07,2010-06-08,9.705775260925291,8.403185844421387,-0.1342076631166219,-0.125,8.578882217407227,-0.11610541283135312,23434.192877664675,1.0,23.434192877664675
PSTOP_12_5,59,XLF,us_equity,2011-07-19,2011-08-23,2011-08-08,2011-08-09,9.112956047058104,7.472255706787109,-0.18004040969786683,-0.125,8.049880027770996,-0.11665545337841232,26964.53724440043,1.0,26.964537244400432
PSTOP_12_5,58,XLF,us_equity,2011-07-12,2011-10-06,2011-08-08,2011-08-09,9.205132484436035,7.472255706787109,-0.18825115016854566,-0.125,8.049880027770996,-0.12550090491563604,27146.366541262694,1.0,27.146366541262694
PSTOP_12_5,153,DBC,commodities,2014-10-21,2015-01-20,2014-12-11,2014-12-12,18.844802856445312,16.460668563842773,-0.1265141541020216,-0.125,16.32539939880371,-0.13369221619529514,35067.06377892373,1.0,35.06706377892373
PSTOP_12_5,163,EWZ,international_equity,2015-01-26,2015-03-17,2015-03-06,2015-03-09,21.0467586517334,18.396467208862305,-0.12592397179661763,-0.125,17.728132247924805,-0.1576787408799062,31921.569514570896,1.0,31.921569514570898
PSTOP_12_5,173,XLB,us_equity,2015-07-17,2015-09-24,2015-08-24,2015-08-25,19.01418113708496,16.508739471435547,-0.13176700314287215,-0.125,16.24942398071289,-0.14540500779072374,34841.356422876066,1.0,34.84135642287607
PSTOP_12_5,198,USO,commodities,2016-07-07,2016-10-03,2016-08-01,2016-08-02,86.55999755859375,75.27999877929688,-0.13031422247512514,-0.125,74.63999938964844,-0.13770793097442602,36400.291888758555,1.0,36.40029188875855
PSTOP_15,15,FXI,international_equity,2010-01-07,2010-04-07,2010-02-08,2010-02-09,29.5686092376709,25.05277633666992,-0.1527238858176574,-0.15,25.922252655029297,-0.12331850150043866,22603.853525819617,1.0,22.603853525819616
PSTOP_15,24,XLF,us_equity,2010-05-04,2010-07-30,2010-07-02,2010-07-06,9.705775260925291,8.208354949951172,-0.15428137070127912,-0.15,8.256921768188477,-0.14927746148932464,22554.72127812895,1.0,22.554721278128948
PSTOP_15,59,XLF,us_equity,2011-07-19,2011-08-23,2011-08-08,2011-08-09,9.112956047058104,7.472255706787109,-0.18004040969786683,-0.15,8.049880027770996,-0.11665545337841232,26964.53724440043,1.0,26.964537244400432
PSTOP_15,58,XLF,us_equity,2011-07-12,2011-10-06,2011-08-08,2011-08-09,9.205132484436035,7.472255706787109,-0.18825115016854566,-0.15,8.049880027770996,-0.12550090491563604,27146.366541262694,1.0,27.146366541262694
PSTOP_15,153,DBC,commodities,2014-10-21,2015-01-20,2014-12-16,2014-12-17,18.844802856445312,15.97031593322754,-0.1525347304036475,-0.15,16.063312530517578,-0.14759986332127673,34504.099486210514,1.0,34.504099486210514
PSTOP_15,163,EWZ,international_equity,2015-01-26,2015-03-17,2015-03-09,2015-03-10,21.0467586517334,17.728132247924805,-0.1576787408799062,-0.15,17.549524307250977,-0.1661649854189966,31599.965088659566,1.0,31.599965088659566
